Date,beach,Beach_Name
5/1/2016,57th Street,57th
5/2/2016,57th Street,57th
5/3/2016,57th Street,57th
5/4/2016,57th Street,57th
5/5/2016,57th Street,57th
5/6/2016,57th Street,57th
5/7/2016,57th Street,57th
5/8/2016,57th Street,57th
5/9/2016,57th Street,57th
5/10/2016,57th Street,57th
5/11/2016,57th Street,57th
5/12/2016,57th Street,57th
5/13/2016,57th Street,57th
5/14/2016,57th Street,57th
5/15/2016,57th Street,57th
5/16/2016,57th Street,57th
5/17/2016,57th Street,57th
5/18/2016,57th Street,57th
5/19/2016,57th Street,57th
5/20/2016,57th Street,57th
5/21/2016,57th Street,57th
5/22/2016,57th Street,57th
5/23/2016,57th Street,57th
5/24/2016,57th Street,57th
5/25/2016,57th Street,57th
5/26/2016,57th Street,57th
5/27/2016,57th Street,57th
5/28/2016,57th Street,57th
5/29/2016,57th Street,57th
5/30/2016,57th Street,57th
5/31/2016,57th Street,57th
6/1/2016,57th Street,57th
6/2/2016,57th Street,57th
6/3/2016,57th Street,57th
6/4/2016,57th Street,57th
6/5/2016,57th Street,57th
6/6/2016,57th Street,57th
6/7/2016,57th Street,57th
6/8/2016,57th Street,57th
6/9/2016,57th Street,57th
6/10/2016,57th Street,57th
6/11/2016,57th Street,57th
6/12/2016,57th Street,57th
6/13/2016,57th Street,57th
6/14/2016,57th Street,57th
6/15/2016,57th Street,57th
6/16/2016,57th Street,57th
6/17/2016,57th Street,57th
6/18/2016,57th Street,57th
6/19/2016,57th Street,57th
6/20/2016,57th Street,57th
6/21/2016,57th Street,57th
6/22/2016,57th Street,57th
6/23/2016,57th Street,57th
6/24/2016,57th Street,57th
6/25/2016,57th Street,57th
6/26/2016,57th Street,57th
6/27/2016,57th Street,57th
6/28/2016,57th Street,57th
6/29/2016,57th Street,57th
6/30/2016,57th Street,57th
7/1/2016,57th Street,57th
7/2/2016,57th Street,57th
7/3/2016,57th Street,57th
7/4/2016,57th Street,57th
7/5/2016,57th Street,57th
7/6/2016,57th Street,57th
7/7/2016,57th Street,57th
7/8/2016,57th Street,57th
7/9/2016,57th Street,57th
7/10/2016,57th Street,57th
7/11/2016,57th Street,57th
7/12/2016,57th Street,57th
7/13/2016,57th Street,57th
7/14/2016,57th Street,57th
7/15/2016,57th Street,57th
7/16/2016,57th Street,57th
7/17/2016,57th Street,57th
7/18/2016,57th Street,57th
7/19/2016,57th Street,57th
7/20/2016,57th Street,57th
7/21/2016,57th Street,57th
7/22/2016,57th Street,57th
7/23/2016,57th Street,57th
7/24/2016,57th Street,57th
7/25/2016,57th Street,57th
7/26/2016,57th Street,57th
7/27/2016,57th Street,57th
7/28/2016,57th Street,57th
7/29/2016,57th Street,57th
7/30/2016,57th Street,57th
7/31/2016,57th Street,57th
8/1/2016,57th Street,57th
8/2/2016,57th Street,57th
8/3/2016,57th Street,57th
8/4/2016,57th Street,57th
8/5/2016,57th Street,57th
8/6/2016,57th Street,57th
8/7/2016,57th Street,57th
8/8/2016,57th Street,57th
8/9/2016,57th Street,57th
8/10/2016,57th Street,57th
8/11/2016,57th Street,57th
8/12/2016,57th Street,57th
8/13/2016,57th Street,57th
8/14/2016,57th Street,57th
8/15/2016,57th Street,57th
8/16/2016,57th Street,57th
8/17/2016,57th Street,57th
8/18/2016,57th Street,57th
8/19/2016,57th Street,57th
8/20/2016,57th Street,57th
8/21/2016,57th Street,57th
8/22/2016,57th Street,57th
8/23/2016,57th Street,57th
8/24/2016,57th Street,57th
8/25/2016,57th Street,57th
8/26/2016,57th Street,57th
8/27/2016,57th Street,57th
8/28/2016,57th Street,57th
8/29/2016,57th Street,57th
8/30/2016,57th Street,57th
8/31/2016,57th Street,57th
9/1/2016,57th Street,57th
9/2/2016,57th Street,57th
9/3/2016,57th Street,57th
9/4/2016,57th Street,57th
9/5/2016,57th Street,57th
9/6/2016,57th Street,57th
9/7/2016,57th Street,57th
9/8/2016,57th Street,57th
9/9/2016,57th Street,57th
9/10/2016,57th Street,57th
9/11/2016,57th Street,57th
9/12/2016,57th Street,57th
9/13/2016,57th Street,57th
9/14/2016,57th Street,57th
9/15/2016,57th Street,57th
9/16/2016,57th Street,57th
9/17/2016,57th Street,57th
9/18/2016,57th Street,57th
9/19/2016,57th Street,57th
9/20/2016,57th Street,57th
9/21/2016,57th Street,57th
9/22/2016,57th Street,57th
9/23/2016,57th Street,57th
9/24/2016,57th Street,57th
9/25/2016,57th Street,57th
9/26/2016,57th Street,57th
9/27/2016,57th Street,57th
9/28/2016,57th Street,57th
9/29/2016,57th Street,57th
9/30/2016,57th Street,57th
5/1/2016,North Avenue,North Avenue
5/2/2016,North Avenue,North Avenue
5/3/2016,North Avenue,North Avenue
5/4/2016,North Avenue,North Avenue
5/5/2016,North Avenue,North Avenue
5/6/2016,North Avenue,North Avenue
5/7/2016,North Avenue,North Avenue
5/8/2016,North Avenue,North Avenue
5/9/2016,North Avenue,North Avenue
5/10/2016,North Avenue,North Avenue
5/11/2016,North Avenue,North Avenue
5/12/2016,North Avenue,North Avenue
5/13/2016,North Avenue,North Avenue
5/14/2016,North Avenue,North Avenue
5/15/2016,North Avenue,North Avenue
5/16/2016,North Avenue,North Avenue
5/17/2016,North Avenue,North Avenue
5/18/2016,North Avenue,North Avenue
5/19/2016,North Avenue,North Avenue
5/20/2016,North Avenue,North Avenue
5/21/2016,North Avenue,North Avenue
5/22/2016,North Avenue,North Avenue
5/23/2016,North Avenue,North Avenue
5/24/2016,North Avenue,North Avenue
5/25/2016,North Avenue,North Avenue
5/26/2016,North Avenue,North Avenue
5/27/2016,North Avenue,North Avenue
5/28/2016,North Avenue,North Avenue
5/29/2016,North Avenue,North Avenue
5/30/2016,North Avenue,North Avenue
5/31/2016,North Avenue,North Avenue
6/1/2016,North Avenue,North Avenue
6/2/2016,North Avenue,North Avenue
6/3/2016,North Avenue,North Avenue
6/4/2016,North Avenue,North Avenue
6/5/2016,North Avenue,North Avenue
6/6/2016,North Avenue,North Avenue
6/7/2016,North Avenue,North Avenue
6/8/2016,North Avenue,North Avenue
6/9/2016,North Avenue,North Avenue
6/10/2016,North Avenue,North Avenue
6/11/2016,North Avenue,North Avenue
6/12/2016,North Avenue,North Avenue
6/13/2016,North Avenue,North Avenue
6/14/2016,North Avenue,North Avenue
6/15/2016,North Avenue,North Avenue
6/16/2016,North Avenue,North Avenue
6/17/2016,North Avenue,North Avenue
6/18/2016,North Avenue,North Avenue
6/19/2016,North Avenue,North Avenue
6/20/2016,North Avenue,North Avenue
6/21/2016,North Avenue,North Avenue
6/22/2016,North Avenue,North Avenue
6/23/2016,North Avenue,North Avenue
6/24/2016,North Avenue,North Avenue
6/25/2016,North Avenue,North Avenue
6/26/2016,North Avenue,North Avenue
6/27/2016,North Avenue,North Avenue
6/28/2016,North Avenue,North Avenue
6/29/2016,North Avenue,North Avenue
6/30/2016,North Avenue,North Avenue
7/1/2016,North Avenue,North Avenue
7/2/2016,North Avenue,North Avenue
7/3/2016,North Avenue,North Avenue
7/4/2016,North Avenue,North Avenue
7/5/2016,North Avenue,North Avenue
7/6/2016,North Avenue,North Avenue
7/7/2016,North Avenue,North Avenue
7/8/2016,North Avenue,North Avenue
7/9/2016,North Avenue,North Avenue
7/10/2016,North Avenue,North Avenue
7/11/2016,North Avenue,North Avenue
7/12/2016,North Avenue,North Avenue
7/13/2016,North Avenue,North Avenue
7/14/2016,North Avenue,North Avenue
7/15/2016,North Avenue,North Avenue
7/16/2016,North Avenue,North Avenue
7/17/2016,North Avenue,North Avenue
7/18/2016,North Avenue,North Avenue
7/19/2016,North Avenue,North Avenue
7/20/2016,North Avenue,North Avenue
7/21/2016,North Avenue,North Avenue
7/22/2016,North Avenue,North Avenue
7/23/2016,North Avenue,North Avenue
7/24/2016,North Avenue,North Avenue
7/25/2016,North Avenue,North Avenue
7/26/2016,North Avenue,North Avenue
7/27/2016,North Avenue,North Avenue
7/28/2016,North Avenue,North Avenue
7/29/2016,North Avenue,North Avenue
7/30/2016,North Avenue,North Avenue
7/31/2016,North Avenue,North Avenue
8/1/2016,North Avenue,North Avenue
8/2/2016,North Avenue,North Avenue
8/3/2016,North Avenue,North Avenue
8/4/2016,North Avenue,North Avenue
8/5/2016,North Avenue,North Avenue
8/6/2016,North Avenue,North Avenue
8/7/2016,North Avenue,North Avenue
8/8/2016,North Avenue,North Avenue
8/9/2016,North Avenue,North Avenue
8/10/2016,North Avenue,North Avenue
8/11/2016,North Avenue,North Avenue
8/12/2016,North Avenue,North Avenue
8/13/2016,North Avenue,North Avenue
8/14/2016,North Avenue,North Avenue
8/15/2016,North Avenue,North Avenue
8/16/2016,North Avenue,North Avenue
8/17/2016,North Avenue,North Avenue
8/18/2016,North Avenue,North Avenue
8/19/2016,North Avenue,North Avenue
8/20/2016,North Avenue,North Avenue
8/21/2016,North Avenue,North Avenue
8/22/2016,North Avenue,North Avenue
8/23/2016,North Avenue,North Avenue
8/24/2016,North Avenue,North Avenue
8/25/2016,North Avenue,North Avenue
8/26/2016,North Avenue,North Avenue
8/27/2016,North Avenue,North Avenue
8/28/2016,North Avenue,North Avenue
8/29/2016,North Avenue,North Avenue
8/30/2016,North Avenue,North Avenue
8/31/2016,North Avenue,North Avenue
9/1/2016,North Avenue,North Avenue
9/2/2016,North Avenue,North Avenue
9/3/2016,North Avenue,North Avenue
9/4/2016,North Avenue,North Avenue
9/5/2016,North Avenue,North Avenue
9/6/2016,North Avenue,North Avenue
9/7/2016,North Avenue,North Avenue
9/8/2016,North Avenue,North Avenue
9/9/2016,North Avenue,North Avenue
9/10/2016,North Avenue,North Avenue
9/11/2016,North Avenue,North Avenue
9/12/2016,North Avenue,North Avenue
9/13/2016,North Avenue,North Avenue
9/14/2016,North Avenue,North Avenue
9/15/2016,North Avenue,North Avenue
9/16/2016,North Avenue,North Avenue
9/17/2016,North Avenue,North Avenue
9/18/2016,North Avenue,North Avenue
9/19/2016,North Avenue,North Avenue
9/20/2016,North Avenue,North Avenue
9/21/2016,North Avenue,North Avenue
9/22/2016,North Avenue,North Avenue
9/23/2016,North Avenue,North Avenue
9/24/2016,North Avenue,North Avenue
9/25/2016,North Avenue,North Avenue
9/26/2016,North Avenue,North Avenue
9/27/2016,North Avenue,North Avenue
9/28/2016,North Avenue,North Avenue
9/29/2016,North Avenue,North Avenue
9/30/2016,North Avenue,North Avenue
5/1/2016,Montrose,Montrose
5/2/2016,Montrose,Montrose
5/3/2016,Montrose,Montrose
5/4/2016,Montrose,Montrose
5/5/2016,Montrose,Montrose
5/6/2016,Montrose,Montrose
5/7/2016,Montrose,Montrose
5/8/2016,Montrose,Montrose
5/9/2016,Montrose,Montrose
5/10/2016,Montrose,Montrose
5/11/2016,Montrose,Montrose
5/12/2016,Montrose,Montrose
5/13/2016,Montrose,Montrose
5/14/2016,Montrose,Montrose
5/15/2016,Montrose,Montrose
5/16/2016,Montrose,Montrose
5/17/2016,Montrose,Montrose
5/18/2016,Montrose,Montrose
5/19/2016,Montrose,Montrose
5/20/2016,Montrose,Montrose
5/21/2016,Montrose,Montrose
5/22/2016,Montrose,Montrose
5/23/2016,Montrose,Montrose
5/24/2016,Montrose,Montrose
5/25/2016,Montrose,Montrose
5/26/2016,Montrose,Montrose
5/27/2016,Montrose,Montrose
5/28/2016,Montrose,Montrose
5/29/2016,Montrose,Montrose
5/30/2016,Montrose,Montrose
5/31/2016,Montrose,Montrose
6/1/2016,Montrose,Montrose
6/2/2016,Montrose,Montrose
6/3/2016,Montrose,Montrose
6/4/2016,Montrose,Montrose
6/5/2016,Montrose,Montrose
6/6/2016,Montrose,Montrose
6/7/2016,Montrose,Montrose
6/8/2016,Montrose,Montrose
6/9/2016,Montrose,Montrose
6/10/2016,Montrose,Montrose
6/11/2016,Montrose,Montrose
6/12/2016,Montrose,Montrose
6/13/2016,Montrose,Montrose
6/14/2016,Montrose,Montrose
6/15/2016,Montrose,Montrose
6/16/2016,Montrose,Montrose
6/17/2016,Montrose,Montrose
6/18/2016,Montrose,Montrose
6/19/2016,Montrose,Montrose
6/20/2016,Montrose,Montrose
6/21/2016,Montrose,Montrose
6/22/2016,Montrose,Montrose
6/23/2016,Montrose,Montrose
6/24/2016,Montrose,Montrose
6/25/2016,Montrose,Montrose
6/26/2016,Montrose,Montrose
6/27/2016,Montrose,Montrose
6/28/2016,Montrose,Montrose
6/29/2016,Montrose,Montrose
6/30/2016,Montrose,Montrose
7/1/2016,Montrose,Montrose
7/2/2016,Montrose,Montrose
7/3/2016,Montrose,Montrose
7/4/2016,Montrose,Montrose
7/5/2016,Montrose,Montrose
7/6/2016,Montrose,Montrose
7/7/2016,Montrose,Montrose
7/8/2016,Montrose,Montrose
7/9/2016,Montrose,Montrose
7/10/2016,Montrose,Montrose
7/11/2016,Montrose,Montrose
7/12/2016,Montrose,Montrose
7/13/2016,Montrose,Montrose
7/14/2016,Montrose,Montrose
7/15/2016,Montrose,Montrose
7/16/2016,Montrose,Montrose
7/17/2016,Montrose,Montrose
7/18/2016,Montrose,Montrose
7/19/2016,Montrose,Montrose
7/20/2016,Montrose,Montrose
7/21/2016,Montrose,Montrose
7/22/2016,Montrose,Montrose
7/23/2016,Montrose,Montrose
7/24/2016,Montrose,Montrose
7/25/2016,Montrose,Montrose
7/26/2016,Montrose,Montrose
7/27/2016,Montrose,Montrose
7/28/2016,Montrose,Montrose
7/29/2016,Montrose,Montrose
7/30/2016,Montrose,Montrose
7/31/2016,Montrose,Montrose
8/1/2016,Montrose,Montrose
8/2/2016,Montrose,Montrose
8/3/2016,Montrose,Montrose
8/4/2016,Montrose,Montrose
8/5/2016,Montrose,Montrose
8/6/2016,Montrose,Montrose
8/7/2016,Montrose,Montrose
8/8/2016,Montrose,Montrose
8/9/2016,Montrose,Montrose
8/10/2016,Montrose,Montrose
8/11/2016,Montrose,Montrose
8/12/2016,Montrose,Montrose
8/13/2016,Montrose,Montrose
8/14/2016,Montrose,Montrose
8/15/2016,Montrose,Montrose
8/16/2016,Montrose,Montrose
8/17/2016,Montrose,Montrose
8/18/2016,Montrose,Montrose
8/19/2016,Montrose,Montrose
8/20/2016,Montrose,Montrose
8/21/2016,Montrose,Montrose
8/22/2016,Montrose,Montrose
8/23/2016,Montrose,Montrose
8/24/2016,Montrose,Montrose
8/25/2016,Montrose,Montrose
8/26/2016,Montrose,Montrose
8/27/2016,Montrose,Montrose
8/28/2016,Montrose,Montrose
8/29/2016,Montrose,Montrose
8/30/2016,Montrose,Montrose
8/31/2016,Montrose,Montrose
9/1/2016,Montrose,Montrose
9/2/2016,Montrose,Montrose
9/3/2016,Montrose,Montrose
9/4/2016,Montrose,Montrose
9/5/2016,Montrose,Montrose
9/6/2016,Montrose,Montrose
9/7/2016,Montrose,Montrose
9/8/2016,Montrose,Montrose
9/9/2016,Montrose,Montrose
9/10/2016,Montrose,Montrose
9/11/2016,Montrose,Montrose
9/12/2016,Montrose,Montrose
9/13/2016,Montrose,Montrose
9/14/2016,Montrose,Montrose
9/15/2016,Montrose,Montrose
9/16/2016,Montrose,Montrose
9/17/2016,Montrose,Montrose
9/18/2016,Montrose,Montrose
9/19/2016,Montrose,Montrose
9/20/2016,Montrose,Montrose
9/21/2016,Montrose,Montrose
9/22/2016,Montrose,Montrose
9/23/2016,Montrose,Montrose
9/24/2016,Montrose,Montrose
9/25/2016,Montrose,Montrose
9/26/2016,Montrose,Montrose
9/27/2016,Montrose,Montrose
9/28/2016,Montrose,Montrose
9/29/2016,Montrose,Montrose
9/30/2016,Montrose,Montrose
5/1/2016,Rainbow,Rainbow
5/2/2016,Rainbow,Rainbow
5/3/2016,Rainbow,Rainbow
5/4/2016,Rainbow,Rainbow
5/5/2016,Rainbow,Rainbow
5/6/2016,Rainbow,Rainbow
5/7/2016,Rainbow,Rainbow
5/8/2016,Rainbow,Rainbow
5/9/2016,Rainbow,Rainbow
5/10/2016,Rainbow,Rainbow
5/11/2016,Rainbow,Rainbow
5/12/2016,Rainbow,Rainbow
5/13/2016,Rainbow,Rainbow
5/14/2016,Rainbow,Rainbow
5/15/2016,Rainbow,Rainbow
5/16/2016,Rainbow,Rainbow
5/17/2016,Rainbow,Rainbow
5/18/2016,Rainbow,Rainbow
5/19/2016,Rainbow,Rainbow
5/20/2016,Rainbow,Rainbow
5/21/2016,Rainbow,Rainbow
5/22/2016,Rainbow,Rainbow
5/23/2016,Rainbow,Rainbow
5/24/2016,Rainbow,Rainbow
5/25/2016,Rainbow,Rainbow
5/26/2016,Rainbow,Rainbow
5/27/2016,Rainbow,Rainbow
5/28/2016,Rainbow,Rainbow
5/29/2016,Rainbow,Rainbow
5/30/2016,Rainbow,Rainbow
5/31/2016,Rainbow,Rainbow
6/1/2016,Rainbow,Rainbow
6/2/2016,Rainbow,Rainbow
6/3/2016,Rainbow,Rainbow
6/4/2016,Rainbow,Rainbow
6/5/2016,Rainbow,Rainbow
6/6/2016,Rainbow,Rainbow
6/7/2016,Rainbow,Rainbow
6/8/2016,Rainbow,Rainbow
6/9/2016,Rainbow,Rainbow
6/10/2016,Rainbow,Rainbow
6/11/2016,Rainbow,Rainbow
6/12/2016,Rainbow,Rainbow
6/13/2016,Rainbow,Rainbow
6/14/2016,Rainbow,Rainbow
6/15/2016,Rainbow,Rainbow
6/16/2016,Rainbow,Rainbow
6/17/2016,Rainbow,Rainbow
6/18/2016,Rainbow,Rainbow
6/19/2016,Rainbow,Rainbow
6/20/2016,Rainbow,Rainbow
6/21/2016,Rainbow,Rainbow
6/22/2016,Rainbow,Rainbow
6/23/2016,Rainbow,Rainbow
6/24/2016,Rainbow,Rainbow
6/25/2016,Rainbow,Rainbow
6/26/2016,Rainbow,Rainbow
6/27/2016,Rainbow,Rainbow
6/28/2016,Rainbow,Rainbow
6/29/2016,Rainbow,Rainbow
6/30/2016,Rainbow,Rainbow
7/1/2016,Rainbow,Rainbow
7/2/2016,Rainbow,Rainbow
7/3/2016,Rainbow,Rainbow
7/4/2016,Rainbow,Rainbow
7/5/2016,Rainbow,Rainbow
7/6/2016,Rainbow,Rainbow
7/7/2016,Rainbow,Rainbow
7/8/2016,Rainbow,Rainbow
7/9/2016,Rainbow,Rainbow
7/10/2016,Rainbow,Rainbow
7/11/2016,Rainbow,Rainbow
7/12/2016,Rainbow,Rainbow
7/13/2016,Rainbow,Rainbow
7/14/2016,Rainbow,Rainbow
7/15/2016,Rainbow,Rainbow
7/16/2016,Rainbow,Rainbow
7/17/2016,Rainbow,Rainbow
7/18/2016,Rainbow,Rainbow
7/19/2016,Rainbow,Rainbow
7/20/2016,Rainbow,Rainbow
7/21/2016,Rainbow,Rainbow
7/22/2016,Rainbow,Rainbow
7/23/2016,Rainbow,Rainbow
7/24/2016,Rainbow,Rainbow
7/25/2016,Rainbow,Rainbow
7/26/2016,Rainbow,Rainbow
7/27/2016,Rainbow,Rainbow
7/28/2016,Rainbow,Rainbow
7/29/2016,Rainbow,Rainbow
7/30/2016,Rainbow,Rainbow
7/31/2016,Rainbow,Rainbow
8/1/2016,Rainbow,Rainbow
8/2/2016,Rainbow,Rainbow
8/3/2016,Rainbow,Rainbow
8/4/2016,Rainbow,Rainbow
8/5/2016,Rainbow,Rainbow
8/6/2016,Rainbow,Rainbow
8/7/2016,Rainbow,Rainbow
8/8/2016,Rainbow,Rainbow
8/9/2016,Rainbow,Rainbow
8/10/2016,Rainbow,Rainbow
8/11/2016,Rainbow,Rainbow
8/12/2016,Rainbow,Rainbow
8/13/2016,Rainbow,Rainbow
8/14/2016,Rainbow,Rainbow
8/15/2016,Rainbow,Rainbow
8/16/2016,Rainbow,Rainbow
8/17/2016,Rainbow,Rainbow
8/18/2016,Rainbow,Rainbow
8/19/2016,Rainbow,Rainbow
8/20/2016,Rainbow,Rainbow
8/21/2016,Rainbow,Rainbow
8/22/2016,Rainbow,Rainbow
8/23/2016,Rainbow,Rainbow
8/24/2016,Rainbow,Rainbow
8/25/2016,Rainbow,Rainbow
8/26/2016,Rainbow,Rainbow
8/27/2016,Rainbow,Rainbow
8/28/2016,Rainbow,Rainbow
8/29/2016,Rainbow,Rainbow
8/30/2016,Rainbow,Rainbow
8/31/2016,Rainbow,Rainbow
9/1/2016,Rainbow,Rainbow
9/2/2016,Rainbow,Rainbow
9/3/2016,Rainbow,Rainbow
9/4/2016,Rainbow,Rainbow
9/5/2016,Rainbow,Rainbow
9/6/2016,Rainbow,Rainbow
9/7/2016,Rainbow,Rainbow
9/8/2016,Rainbow,Rainbow
9/9/2016,Rainbow,Rainbow
9/10/2016,Rainbow,Rainbow
9/11/2016,Rainbow,Rainbow
9/12/2016,Rainbow,Rainbow
9/13/2016,Rainbow,Rainbow
9/14/2016,Rainbow,Rainbow
9/15/2016,Rainbow,Rainbow
9/16/2016,Rainbow,Rainbow
9/17/2016,Rainbow,Rainbow
9/18/2016,Rainbow,Rainbow
9/19/2016,Rainbow,Rainbow
9/20/2016,Rainbow,Rainbow
9/21/2016,Rainbow,Rainbow
9/22/2016,Rainbow,Rainbow
9/23/2016,Rainbow,Rainbow
9/24/2016,Rainbow,Rainbow
9/25/2016,Rainbow,Rainbow
9/26/2016,Rainbow,Rainbow
9/27/2016,Rainbow,Rainbow
9/28/2016,Rainbow,Rainbow
9/29/2016,Rainbow,Rainbow
9/30/2016,Rainbow,Rainbow
5/1/2016,Howard,Howard
5/2/2016,Howard,Howard
5/3/2016,Howard,Howard
5/4/2016,Howard,Howard
5/5/2016,Howard,Howard
5/6/2016,Howard,Howard
5/7/2016,Howard,Howard
5/8/2016,Howard,Howard
5/9/2016,Howard,Howard
5/10/2016,Howard,Howard
5/11/2016,Howard,Howard
5/12/2016,Howard,Howard
5/13/2016,Howard,Howard
5/14/2016,Howard,Howard
5/15/2016,Howard,Howard
5/16/2016,Howard,Howard
5/17/2016,Howard,Howard
5/18/2016,Howard,Howard
5/19/2016,Howard,Howard
5/20/2016,Howard,Howard
5/21/2016,Howard,Howard
5/22/2016,Howard,Howard
5/23/2016,Howard,Howard
5/24/2016,Howard,Howard
5/25/2016,Howard,Howard
5/26/2016,Howard,Howard
5/27/2016,Howard,Howard
5/28/2016,Howard,Howard
5/29/2016,Howard,Howard
5/30/2016,Howard,Howard
5/31/2016,Howard,Howard
6/1/2016,Howard,Howard
6/2/2016,Howard,Howard
6/3/2016,Howard,Howard
6/4/2016,Howard,Howard
6/5/2016,Howard,Howard
6/6/2016,Howard,Howard
6/7/2016,Howard,Howard
6/8/2016,Howard,Howard
6/9/2016,Howard,Howard
6/10/2016,Howard,Howard
6/11/2016,Howard,Howard
6/12/2016,Howard,Howard
6/13/2016,Howard,Howard
6/14/2016,Howard,Howard
6/15/2016,Howard,Howard
6/16/2016,Howard,Howard
6/17/2016,Howard,Howard
6/18/2016,Howard,Howard
6/19/2016,Howard,Howard
6/20/2016,Howard,Howard
6/21/2016,Howard,Howard
6/22/2016,Howard,Howard
6/23/2016,Howard,Howard
6/24/2016,Howard,Howard
6/25/2016,Howard,Howard
6/26/2016,Howard,Howard
6/27/2016,Howard,Howard
6/28/2016,Howard,Howard
6/29/2016,Howard,Howard
6/30/2016,Howard,Howard
7/1/2016,Howard,Howard
7/2/2016,Howard,Howard
7/3/2016,Howard,Howard
7/4/2016,Howard,Howard
7/5/2016,Howard,Howard
7/6/2016,Howard,Howard
7/7/2016,Howard,Howard
7/8/2016,Howard,Howard
7/9/2016,Howard,Howard
7/10/2016,Howard,Howard
7/11/2016,Howard,Howard
7/12/2016,Howard,Howard
7/13/2016,Howard,Howard
7/14/2016,Howard,Howard
7/15/2016,Howard,Howard
7/16/2016,Howard,Howard
7/17/2016,Howard,Howard
7/18/2016,Howard,Howard
7/19/2016,Howard,Howard
7/20/2016,Howard,Howard
7/21/2016,Howard,Howard
7/22/2016,Howard,Howard
7/23/2016,Howard,Howard
7/24/2016,Howard,Howard
7/25/2016,Howard,Howard
7/26/2016,Howard,Howard
7/27/2016,Howard,Howard
7/28/2016,Howard,Howard
7/29/2016,Howard,Howard
7/30/2016,Howard,Howard
7/31/2016,Howard,Howard
8/1/2016,Howard,Howard
8/2/2016,Howard,Howard
8/3/2016,Howard,Howard
8/4/2016,Howard,Howard
8/5/2016,Howard,Howard
8/6/2016,Howard,Howard
8/7/2016,Howard,Howard
8/8/2016,Howard,Howard
8/9/2016,Howard,Howard
8/10/2016,Howard,Howard
8/11/2016,Howard,Howard
8/12/2016,Howard,Howard
8/13/2016,Howard,Howard
8/14/2016,Howard,Howard
8/15/2016,Howard,Howard
8/16/2016,Howard,Howard
8/17/2016,Howard,Howard
8/18/2016,Howard,Howard
8/19/2016,Howard,Howard
8/20/2016,Howard,Howard
8/21/2016,Howard,Howard
8/22/2016,Howard,Howard
8/23/2016,Howard,Howard
8/24/2016,Howard,Howard
8/25/2016,Howard,Howard
8/26/2016,Howard,Howard
8/27/2016,Howard,Howard
8/28/2016,Howard,Howard
8/29/2016,Howard,Howard
8/30/2016,Howard,Howard
8/31/2016,Howard,Howard
9/1/2016,Howard,Howard
9/2/2016,Howard,Howard
9/3/2016,Howard,Howard
9/4/2016,Howard,Howard
9/5/2016,Howard,Howard
9/6/2016,Howard,Howard
9/7/2016,Howard,Howard
9/8/2016,Howard,Howard
9/9/2016,Howard,Howard
9/10/2016,Howard,Howard
9/11/2016,Howard,Howard
9/12/2016,Howard,Howard
9/13/2016,Howard,Howard
9/14/2016,Howard,Howard
9/15/2016,Howard,Howard
9/16/2016,Howard,Howard
9/17/2016,Howard,Howard
9/18/2016,Howard,Howard
9/19/2016,Howard,Howard
9/20/2016,Howard,Howard
9/21/2016,Howard,Howard
9/22/2016,Howard,Howard
9/23/2016,Howard,Howard
9/24/2016,Howard,Howard
9/25/2016,Howard,Howard
9/26/2016,Howard,Howard
9/27/2016,Howard,Howard
9/28/2016,Howard,Howard
9/29/2016,Howard,Howard
9/30/2016,Howard,Howard
5/1/2016,Juneway,Juneway
5/2/2016,Juneway,Juneway
5/3/2016,Juneway,Juneway
5/4/2016,Juneway,Juneway
5/5/2016,Juneway,Juneway
5/6/2016,Juneway,Juneway
5/7/2016,Juneway,Juneway
5/8/2016,Juneway,Juneway
5/9/2016,Juneway,Juneway
5/10/2016,Juneway,Juneway
5/11/2016,Juneway,Juneway
5/12/2016,Juneway,Juneway
5/13/2016,Juneway,Juneway
5/14/2016,Juneway,Juneway
5/15/2016,Juneway,Juneway
5/16/2016,Juneway,Juneway
5/17/2016,Juneway,Juneway
5/18/2016,Juneway,Juneway
5/19/2016,Juneway,Juneway
5/20/2016,Juneway,Juneway
5/21/2016,Juneway,Juneway
5/22/2016,Juneway,Juneway
5/23/2016,Juneway,Juneway
5/24/2016,Juneway,Juneway
5/25/2016,Juneway,Juneway
5/26/2016,Juneway,Juneway
5/27/2016,Juneway,Juneway
5/28/2016,Juneway,Juneway
5/29/2016,Juneway,Juneway
5/30/2016,Juneway,Juneway
5/31/2016,Juneway,Juneway
6/1/2016,Juneway,Juneway
6/2/2016,Juneway,Juneway
6/3/2016,Juneway,Juneway
6/4/2016,Juneway,Juneway
6/5/2016,Juneway,Juneway
6/6/2016,Juneway,Juneway
6/7/2016,Juneway,Juneway
6/8/2016,Juneway,Juneway
6/9/2016,Juneway,Juneway
6/10/2016,Juneway,Juneway
6/11/2016,Juneway,Juneway
6/12/2016,Juneway,Juneway
6/13/2016,Juneway,Juneway
6/14/2016,Juneway,Juneway
6/15/2016,Juneway,Juneway
6/16/2016,Juneway,Juneway
6/17/2016,Juneway,Juneway
6/18/2016,Juneway,Juneway
6/19/2016,Juneway,Juneway
6/20/2016,Juneway,Juneway
6/21/2016,Juneway,Juneway
6/22/2016,Juneway,Juneway
6/23/2016,Juneway,Juneway
6/24/2016,Juneway,Juneway
6/25/2016,Juneway,Juneway
6/26/2016,Juneway,Juneway
6/27/2016,Juneway,Juneway
6/28/2016,Juneway,Juneway
6/29/2016,Juneway,Juneway
6/30/2016,Juneway,Juneway
7/1/2016,Juneway,Juneway
7/2/2016,Juneway,Juneway
7/3/2016,Juneway,Juneway
7/4/2016,Juneway,Juneway
7/5/2016,Juneway,Juneway
7/6/2016,Juneway,Juneway
7/7/2016,Juneway,Juneway
7/8/2016,Juneway,Juneway
7/9/2016,Juneway,Juneway
7/10/2016,Juneway,Juneway
7/11/2016,Juneway,Juneway
7/12/2016,Juneway,Juneway
7/13/2016,Juneway,Juneway
7/14/2016,Juneway,Juneway
7/15/2016,Juneway,Juneway
7/16/2016,Juneway,Juneway
7/17/2016,Juneway,Juneway
7/18/2016,Juneway,Juneway
7/19/2016,Juneway,Juneway
7/20/2016,Juneway,Juneway
7/21/2016,Juneway,Juneway
7/22/2016,Juneway,Juneway
7/23/2016,Juneway,Juneway
7/24/2016,Juneway,Juneway
7/25/2016,Juneway,Juneway
7/26/2016,Juneway,Juneway
7/27/2016,Juneway,Juneway
7/28/2016,Juneway,Juneway
7/29/2016,Juneway,Juneway
7/30/2016,Juneway,Juneway
7/31/2016,Juneway,Juneway
8/1/2016,Juneway,Juneway
8/2/2016,Juneway,Juneway
8/3/2016,Juneway,Juneway
8/4/2016,Juneway,Juneway
8/5/2016,Juneway,Juneway
8/6/2016,Juneway,Juneway
8/7/2016,Juneway,Juneway
8/8/2016,Juneway,Juneway
8/9/2016,Juneway,Juneway
8/10/2016,Juneway,Juneway
8/11/2016,Juneway,Juneway
8/12/2016,Juneway,Juneway
8/13/2016,Juneway,Juneway
8/14/2016,Juneway,Juneway
8/15/2016,Juneway,Juneway
8/16/2016,Juneway,Juneway
8/17/2016,Juneway,Juneway
8/18/2016,Juneway,Juneway
8/19/2016,Juneway,Juneway
8/20/2016,Juneway,Juneway
8/21/2016,Juneway,Juneway
8/22/2016,Juneway,Juneway
8/23/2016,Juneway,Juneway
8/24/2016,Juneway,Juneway
8/25/2016,Juneway,Juneway
8/26/2016,Juneway,Juneway
8/27/2016,Juneway,Juneway
8/28/2016,Juneway,Juneway
8/29/2016,Juneway,Juneway
8/30/2016,Juneway,Juneway
8/31/2016,Juneway,Juneway
9/1/2016,Juneway,Juneway
9/2/2016,Juneway,Juneway
9/3/2016,Juneway,Juneway
9/4/2016,Juneway,Juneway
9/5/2016,Juneway,Juneway
9/6/2016,Juneway,Juneway
9/7/2016,Juneway,Juneway
9/8/2016,Juneway,Juneway
9/9/2016,Juneway,Juneway
9/10/2016,Juneway,Juneway
9/11/2016,Juneway,Juneway
9/12/2016,Juneway,Juneway
9/13/2016,Juneway,Juneway
9/14/2016,Juneway,Juneway
9/15/2016,Juneway,Juneway
9/16/2016,Juneway,Juneway
9/17/2016,Juneway,Juneway
9/18/2016,Juneway,Juneway
9/19/2016,Juneway,Juneway
9/20/2016,Juneway,Juneway
9/21/2016,Juneway,Juneway
9/22/2016,Juneway,Juneway
9/23/2016,Juneway,Juneway
9/24/2016,Juneway,Juneway
9/25/2016,Juneway,Juneway
9/26/2016,Juneway,Juneway
9/27/2016,Juneway,Juneway
9/28/2016,Juneway,Juneway
9/29/2016,Juneway,Juneway
9/30/2016,Juneway,Juneway
5/1/2016,South Shore,South Shore
5/2/2016,South Shore,South Shore
5/3/2016,South Shore,South Shore
5/4/2016,South Shore,South Shore
5/5/2016,South Shore,South Shore
5/6/2016,South Shore,South Shore
5/7/2016,South Shore,South Shore
5/8/2016,South Shore,South Shore
5/9/2016,South Shore,South Shore
5/10/2016,South Shore,South Shore
5/11/2016,South Shore,South Shore
5/12/2016,South Shore,South Shore
5/13/2016,South Shore,South Shore
5/14/2016,South Shore,South Shore
5/15/2016,South Shore,South Shore
5/16/2016,South Shore,South Shore
5/17/2016,South Shore,South Shore
5/18/2016,South Shore,South Shore
5/19/2016,South Shore,South Shore
5/20/2016,South Shore,South Shore
5/21/2016,South Shore,South Shore
5/22/2016,South Shore,South Shore
5/23/2016,South Shore,South Shore
5/24/2016,South Shore,South Shore
5/25/2016,South Shore,South Shore
5/26/2016,South Shore,South Shore
5/27/2016,South Shore,South Shore
5/28/2016,South Shore,South Shore
5/29/2016,South Shore,South Shore
5/30/2016,South Shore,South Shore
5/31/2016,South Shore,South Shore
6/1/2016,South Shore,South Shore
6/2/2016,South Shore,South Shore
6/3/2016,South Shore,South Shore
6/4/2016,South Shore,South Shore
6/5/2016,South Shore,South Shore
6/6/2016,South Shore,South Shore
6/7/2016,South Shore,South Shore
6/8/2016,South Shore,South Shore
6/9/2016,South Shore,South Shore
6/10/2016,South Shore,South Shore
6/11/2016,South Shore,South Shore
6/12/2016,South Shore,South Shore
6/13/2016,South Shore,South Shore
6/14/2016,South Shore,South Shore
6/15/2016,South Shore,South Shore
6/16/2016,South Shore,South Shore
6/17/2016,South Shore,South Shore
6/18/2016,South Shore,South Shore
6/19/2016,South Shore,South Shore
6/20/2016,South Shore,South Shore
6/21/2016,South Shore,South Shore
6/22/2016,South Shore,South Shore
6/23/2016,South Shore,South Shore
6/24/2016,South Shore,South Shore
6/25/2016,South Shore,South Shore
6/26/2016,South Shore,South Shore
6/27/2016,South Shore,South Shore
6/28/2016,South Shore,South Shore
6/29/2016,South Shore,South Shore
6/30/2016,South Shore,South Shore
7/1/2016,South Shore,South Shore
7/2/2016,South Shore,South Shore
7/3/2016,South Shore,South Shore
7/4/2016,South Shore,South Shore
7/5/2016,South Shore,South Shore
7/6/2016,South Shore,South Shore
7/7/2016,South Shore,South Shore
7/8/2016,South Shore,South Shore
7/9/2016,South Shore,South Shore
7/10/2016,South Shore,South Shore
7/11/2016,South Shore,South Shore
7/12/2016,South Shore,South Shore
7/13/2016,South Shore,South Shore
7/14/2016,South Shore,South Shore
7/15/2016,South Shore,South Shore
7/16/2016,South Shore,South Shore
7/17/2016,South Shore,South Shore
7/18/2016,South Shore,South Shore
7/19/2016,South Shore,South Shore
7/20/2016,South Shore,South Shore
7/21/2016,South Shore,South Shore
7/22/2016,South Shore,South Shore
7/23/2016,South Shore,South Shore
7/24/2016,South Shore,South Shore
7/25/2016,South Shore,South Shore
7/26/2016,South Shore,South Shore
7/27/2016,South Shore,South Shore
7/28/2016,South Shore,South Shore
7/29/2016,South Shore,South Shore
7/30/2016,South Shore,South Shore
7/31/2016,South Shore,South Shore
8/1/2016,South Shore,South Shore
8/2/2016,South Shore,South Shore
8/3/2016,South Shore,South Shore
8/4/2016,South Shore,South Shore
8/5/2016,South Shore,South Shore
8/6/2016,South Shore,South Shore
8/7/2016,South Shore,South Shore
8/8/2016,South Shore,South Shore
8/9/2016,South Shore,South Shore
8/10/2016,South Shore,South Shore
8/11/2016,South Shore,South Shore
8/12/2016,South Shore,South Shore
8/13/2016,South Shore,South Shore
8/14/2016,South Shore,South Shore
8/15/2016,South Shore,South Shore
8/16/2016,South Shore,South Shore
8/17/2016,South Shore,South Shore
8/18/2016,South Shore,South Shore
8/19/2016,South Shore,South Shore
8/20/2016,South Shore,South Shore
8/21/2016,South Shore,South Shore
8/22/2016,South Shore,South Shore
8/23/2016,South Shore,South Shore
8/24/2016,South Shore,South Shore
8/25/2016,South Shore,South Shore
8/26/2016,South Shore,South Shore
8/27/2016,South Shore,South Shore
8/28/2016,South Shore,South Shore
8/29/2016,South Shore,South Shore
8/30/2016,South Shore,South Shore
8/31/2016,South Shore,South Shore
9/1/2016,South Shore,South Shore
9/2/2016,South Shore,South Shore
9/3/2016,South Shore,South Shore
9/4/2016,South Shore,South Shore
9/5/2016,South Shore,South Shore
9/6/2016,South Shore,South Shore
9/7/2016,South Shore,South Shore
9/8/2016,South Shore,South Shore
9/9/2016,South Shore,South Shore
9/10/2016,South Shore,South Shore
9/11/2016,South Shore,South Shore
9/12/2016,South Shore,South Shore
9/13/2016,South Shore,South Shore
9/14/2016,South Shore,South Shore
9/15/2016,South Shore,South Shore
9/16/2016,South Shore,South Shore
9/17/2016,South Shore,South Shore
9/18/2016,South Shore,South Shore
9/19/2016,South Shore,South Shore
9/20/2016,South Shore,South Shore
9/21/2016,South Shore,South Shore
9/22/2016,South Shore,South Shore
9/23/2016,South Shore,South Shore
9/24/2016,South Shore,South Shore
9/25/2016,South Shore,South Shore
9/26/2016,South Shore,South Shore
9/27/2016,South Shore,South Shore
9/28/2016,South Shore,South Shore
9/29/2016,South Shore,South Shore
9/30/2016,South Shore,South Shore
5/1/2016,12th Street,12th Street
5/2/2016,12th Street,12th Street
5/3/2016,12th Street,12th Street
5/4/2016,12th Street,12th Street
5/5/2016,12th Street,12th Street
5/6/2016,12th Street,12th Street
5/7/2016,12th Street,12th Street
5/8/2016,12th Street,12th Street
5/9/2016,12th Street,12th Street
5/10/2016,12th Street,12th Street
5/11/2016,12th Street,12th Street
5/12/2016,12th Street,12th Street
5/13/2016,12th Street,12th Street
5/14/2016,12th Street,12th Street
5/15/2016,12th Street,12th Street
5/16/2016,12th Street,12th Street
5/17/2016,12th Street,12th Street
5/18/2016,12th Street,12th Street
5/19/2016,12th Street,12th Street
5/20/2016,12th Street,12th Street
5/21/2016,12th Street,12th Street
5/22/2016,12th Street,12th Street
5/23/2016,12th Street,12th Street
5/24/2016,12th Street,12th Street
5/25/2016,12th Street,12th Street
5/26/2016,12th Street,12th Street
5/27/2016,12th Street,12th Street
5/28/2016,12th Street,12th Street
5/29/2016,12th Street,12th Street
5/30/2016,12th Street,12th Street
5/31/2016,12th Street,12th Street
6/1/2016,12th Street,12th Street
6/2/2016,12th Street,12th Street
6/3/2016,12th Street,12th Street
6/4/2016,12th Street,12th Street
6/5/2016,12th Street,12th Street
6/6/2016,12th Street,12th Street
6/7/2016,12th Street,12th Street
6/8/2016,12th Street,12th Street
6/9/2016,12th Street,12th Street
6/10/2016,12th Street,12th Street
6/11/2016,12th Street,12th Street
6/12/2016,12th Street,12th Street
6/13/2016,12th Street,12th Street
6/14/2016,12th Street,12th Street
6/15/2016,12th Street,12th Street
6/16/2016,12th Street,12th Street
6/17/2016,12th Street,12th Street
6/18/2016,12th Street,12th Street
6/19/2016,12th Street,12th Street
6/20/2016,12th Street,12th Street
6/21/2016,12th Street,12th Street
6/22/2016,12th Street,12th Street
6/23/2016,12th Street,12th Street
6/24/2016,12th Street,12th Street
6/25/2016,12th Street,12th Street
6/26/2016,12th Street,12th Street
6/27/2016,12th Street,12th Street
6/28/2016,12th Street,12th Street
6/29/2016,12th Street,12th Street
6/30/2016,12th Street,12th Street
7/1/2016,12th Street,12th Street
7/2/2016,12th Street,12th Street
7/3/2016,12th Street,12th Street
7/4/2016,12th Street,12th Street
7/5/2016,12th Street,12th Street
7/6/2016,12th Street,12th Street
7/7/2016,12th Street,12th Street
7/8/2016,12th Street,12th Street
7/9/2016,12th Street,12th Street
7/10/2016,12th Street,12th Street
7/11/2016,12th Street,12th Street
7/12/2016,12th Street,12th Street
7/13/2016,12th Street,12th Street
7/14/2016,12th Street,12th Street
7/15/2016,12th Street,12th Street
7/16/2016,12th Street,12th Street
7/17/2016,12th Street,12th Street
7/18/2016,12th Street,12th Street
7/19/2016,12th Street,12th Street
7/20/2016,12th Street,12th Street
7/21/2016,12th Street,12th Street
7/22/2016,12th Street,12th Street
7/23/2016,12th Street,12th Street
7/24/2016,12th Street,12th Street
7/25/2016,12th Street,12th Street
7/26/2016,12th Street,12th Street
7/27/2016,12th Street,12th Street
7/28/2016,12th Street,12th Street
7/29/2016,12th Street,12th Street
7/30/2016,12th Street,12th Street
7/31/2016,12th Street,12th Street
8/1/2016,12th Street,12th Street
8/2/2016,12th Street,12th Street
8/3/2016,12th Street,12th Street
8/4/2016,12th Street,12th Street
8/5/2016,12th Street,12th Street
8/6/2016,12th Street,12th Street
8/7/2016,12th Street,12th Street
8/8/2016,12th Street,12th Street
8/9/2016,12th Street,12th Street
8/10/2016,12th Street,12th Street
8/11/2016,12th Street,12th Street
8/12/2016,12th Street,12th Street
8/13/2016,12th Street,12th Street
8/14/2016,12th Street,12th Street
8/15/2016,12th Street,12th Street
8/16/2016,12th Street,12th Street
8/17/2016,12th Street,12th Street
8/18/2016,12th Street,12th Street
8/19/2016,12th Street,12th Street
8/20/2016,12th Street,12th Street
8/21/2016,12th Street,12th Street
8/22/2016,12th Street,12th Street
8/23/2016,12th Street,12th Street
8/24/2016,12th Street,12th Street
8/25/2016,12th Street,12th Street
8/26/2016,12th Street,12th Street
8/27/2016,12th Street,12th Street
8/28/2016,12th Street,12th Street
8/29/2016,12th Street,12th Street
8/30/2016,12th Street,12th Street
8/31/2016,12th Street,12th Street
9/1/2016,12th Street,12th Street
9/2/2016,12th Street,12th Street
9/3/2016,12th Street,12th Street
9/4/2016,12th Street,12th Street
9/5/2016,12th Street,12th Street
9/6/2016,12th Street,12th Street
9/7/2016,12th Street,12th Street
9/8/2016,12th Street,12th Street
9/9/2016,12th Street,12th Street
9/10/2016,12th Street,12th Street
9/11/2016,12th Street,12th Street
9/12/2016,12th Street,12th Street
9/13/2016,12th Street,12th Street
9/14/2016,12th Street,12th Street
9/15/2016,12th Street,12th Street
9/16/2016,12th Street,12th Street
9/17/2016,12th Street,12th Street
9/18/2016,12th Street,12th Street
9/19/2016,12th Street,12th Street
9/20/2016,12th Street,12th Street
9/21/2016,12th Street,12th Street
9/22/2016,12th Street,12th Street
9/23/2016,12th Street,12th Street
9/24/2016,12th Street,12th Street
9/25/2016,12th Street,12th Street
9/26/2016,12th Street,12th Street
9/27/2016,12th Street,12th Street
9/28/2016,12th Street,12th Street
9/29/2016,12th Street,12th Street
9/30/2016,12th Street,12th Street
5/1/2016,Fargo,Jarvis
5/2/2016,Fargo,Jarvis
5/3/2016,Fargo,Jarvis
5/4/2016,Fargo,Jarvis
5/5/2016,Fargo,Jarvis
5/6/2016,Fargo,Jarvis
5/7/2016,Fargo,Jarvis
5/8/2016,Fargo,Jarvis
5/9/2016,Fargo,Jarvis
5/10/2016,Fargo,Jarvis
5/11/2016,Fargo,Jarvis
5/12/2016,Fargo,Jarvis
5/13/2016,Fargo,Jarvis
5/14/2016,Fargo,Jarvis
5/15/2016,Fargo,Jarvis
5/16/2016,Fargo,Jarvis
5/17/2016,Fargo,Jarvis
5/18/2016,Fargo,Jarvis
5/19/2016,Fargo,Jarvis
5/20/2016,Fargo,Jarvis
5/21/2016,Fargo,Jarvis
5/22/2016,Fargo,Jarvis
5/23/2016,Fargo,Jarvis
5/24/2016,Fargo,Jarvis
5/25/2016,Fargo,Jarvis
5/26/2016,Fargo,Jarvis
5/27/2016,Fargo,Jarvis
5/28/2016,Fargo,Jarvis
5/29/2016,Fargo,Jarvis
5/30/2016,Fargo,Jarvis
5/31/2016,Fargo,Jarvis
6/1/2016,Fargo,Jarvis
6/2/2016,Fargo,Jarvis
6/3/2016,Fargo,Jarvis
6/4/2016,Fargo,Jarvis
6/5/2016,Fargo,Jarvis
6/6/2016,Fargo,Jarvis
6/7/2016,Fargo,Jarvis
6/8/2016,Fargo,Jarvis
6/9/2016,Fargo,Jarvis
6/10/2016,Fargo,Jarvis
6/11/2016,Fargo,Jarvis
6/12/2016,Fargo,Jarvis
6/13/2016,Fargo,Jarvis
6/14/2016,Fargo,Jarvis
6/15/2016,Fargo,Jarvis
6/16/2016,Fargo,Jarvis
6/17/2016,Fargo,Jarvis
6/18/2016,Fargo,Jarvis
6/19/2016,Fargo,Jarvis
6/20/2016,Fargo,Jarvis
6/21/2016,Fargo,Jarvis
6/22/2016,Fargo,Jarvis
6/23/2016,Fargo,Jarvis
6/24/2016,Fargo,Jarvis
6/25/2016,Fargo,Jarvis
6/26/2016,Fargo,Jarvis
6/27/2016,Fargo,Jarvis
6/28/2016,Fargo,Jarvis
6/29/2016,Fargo,Jarvis
6/30/2016,Fargo,Jarvis
7/1/2016,Fargo,Jarvis
7/2/2016,Fargo,Jarvis
7/3/2016,Fargo,Jarvis
7/4/2016,Fargo,Jarvis
7/5/2016,Fargo,Jarvis
7/6/2016,Fargo,Jarvis
7/7/2016,Fargo,Jarvis
7/8/2016,Fargo,Jarvis
7/9/2016,Fargo,Jarvis
7/10/2016,Fargo,Jarvis
7/11/2016,Fargo,Jarvis
7/12/2016,Fargo,Jarvis
7/13/2016,Fargo,Jarvis
7/14/2016,Fargo,Jarvis
7/15/2016,Fargo,Jarvis
7/16/2016,Fargo,Jarvis
7/17/2016,Fargo,Jarvis
7/18/2016,Fargo,Jarvis
7/19/2016,Fargo,Jarvis
7/20/2016,Fargo,Jarvis
7/21/2016,Fargo,Jarvis
7/22/2016,Fargo,Jarvis
7/23/2016,Fargo,Jarvis
7/24/2016,Fargo,Jarvis
7/25/2016,Fargo,Jarvis
7/26/2016,Fargo,Jarvis
7/27/2016,Fargo,Jarvis
7/28/2016,Fargo,Jarvis
7/29/2016,Fargo,Jarvis
7/30/2016,Fargo,Jarvis
7/31/2016,Fargo,Jarvis
8/1/2016,Fargo,Jarvis
8/2/2016,Fargo,Jarvis
8/3/2016,Fargo,Jarvis
8/4/2016,Fargo,Jarvis
8/5/2016,Fargo,Jarvis
8/6/2016,Fargo,Jarvis
8/7/2016,Fargo,Jarvis
8/8/2016,Fargo,Jarvis
8/9/2016,Fargo,Jarvis
8/10/2016,Fargo,Jarvis
8/11/2016,Fargo,Jarvis
8/12/2016,Fargo,Jarvis
8/13/2016,Fargo,Jarvis
8/14/2016,Fargo,Jarvis
8/15/2016,Fargo,Jarvis
8/16/2016,Fargo,Jarvis
8/17/2016,Fargo,Jarvis
8/18/2016,Fargo,Jarvis
8/19/2016,Fargo,Jarvis
8/20/2016,Fargo,Jarvis
8/21/2016,Fargo,Jarvis
8/22/2016,Fargo,Jarvis
8/23/2016,Fargo,Jarvis
8/24/2016,Fargo,Jarvis
8/25/2016,Fargo,Jarvis
8/26/2016,Fargo,Jarvis
8/27/2016,Fargo,Jarvis
8/28/2016,Fargo,Jarvis
8/29/2016,Fargo,Jarvis
8/30/2016,Fargo,Jarvis
8/31/2016,Fargo,Jarvis
9/1/2016,Fargo,Jarvis
9/2/2016,Fargo,Jarvis
9/3/2016,Fargo,Jarvis
9/4/2016,Fargo,Jarvis
9/5/2016,Fargo,Jarvis
9/6/2016,Fargo,Jarvis
9/7/2016,Fargo,Jarvis
9/8/2016,Fargo,Jarvis
9/9/2016,Fargo,Jarvis
9/10/2016,Fargo,Jarvis
9/11/2016,Fargo,Jarvis
9/12/2016,Fargo,Jarvis
9/13/2016,Fargo,Jarvis
9/14/2016,Fargo,Jarvis
9/15/2016,Fargo,Jarvis
9/16/2016,Fargo,Jarvis
9/17/2016,Fargo,Jarvis
9/18/2016,Fargo,Jarvis
9/19/2016,Fargo,Jarvis
9/20/2016,Fargo,Jarvis
9/21/2016,Fargo,Jarvis
9/22/2016,Fargo,Jarvis
9/23/2016,Fargo,Jarvis
9/24/2016,Fargo,Jarvis
9/25/2016,Fargo,Jarvis
9/26/2016,Fargo,Jarvis
9/27/2016,Fargo,Jarvis
9/28/2016,Fargo,Jarvis
9/29/2016,Fargo,Jarvis
9/30/2016,Fargo,Jarvis
5/1/2016,63rd Street,63rd
5/2/2016,63rd Street,63rd
5/3/2016,63rd Street,63rd
5/4/2016,63rd Street,63rd
5/5/2016,63rd Street,63rd
5/6/2016,63rd Street,63rd
5/7/2016,63rd Street,63rd
5/8/2016,63rd Street,63rd
5/9/2016,63rd Street,63rd
5/10/2016,63rd Street,63rd
5/11/2016,63rd Street,63rd
5/12/2016,63rd Street,63rd
5/13/2016,63rd Street,63rd
5/14/2016,63rd Street,63rd
5/15/2016,63rd Street,63rd
5/16/2016,63rd Street,63rd
5/17/2016,63rd Street,63rd
5/18/2016,63rd Street,63rd
5/19/2016,63rd Street,63rd
5/20/2016,63rd Street,63rd
5/21/2016,63rd Street,63rd
5/22/2016,63rd Street,63rd
5/23/2016,63rd Street,63rd
5/24/2016,63rd Street,63rd
5/25/2016,63rd Street,63rd
5/26/2016,63rd Street,63rd
5/27/2016,63rd Street,63rd
5/28/2016,63rd Street,63rd
5/29/2016,63rd Street,63rd
5/30/2016,63rd Street,63rd
5/31/2016,63rd Street,63rd
6/1/2016,63rd Street,63rd
6/2/2016,63rd Street,63rd
6/3/2016,63rd Street,63rd
6/4/2016,63rd Street,63rd
6/5/2016,63rd Street,63rd
6/6/2016,63rd Street,63rd
6/7/2016,63rd Street,63rd
6/8/2016,63rd Street,63rd
6/9/2016,63rd Street,63rd
6/10/2016,63rd Street,63rd
6/11/2016,63rd Street,63rd
6/12/2016,63rd Street,63rd
6/13/2016,63rd Street,63rd
6/14/2016,63rd Street,63rd
6/15/2016,63rd Street,63rd
6/16/2016,63rd Street,63rd
6/17/2016,63rd Street,63rd
6/18/2016,63rd Street,63rd
6/19/2016,63rd Street,63rd
6/20/2016,63rd Street,63rd
6/21/2016,63rd Street,63rd
6/22/2016,63rd Street,63rd
6/23/2016,63rd Street,63rd
6/24/2016,63rd Street,63rd
6/25/2016,63rd Street,63rd
6/26/2016,63rd Street,63rd
6/27/2016,63rd Street,63rd
6/28/2016,63rd Street,63rd
6/29/2016,63rd Street,63rd
6/30/2016,63rd Street,63rd
7/1/2016,63rd Street,63rd
7/2/2016,63rd Street,63rd
7/3/2016,63rd Street,63rd
7/4/2016,63rd Street,63rd
7/5/2016,63rd Street,63rd
7/6/2016,63rd Street,63rd
7/7/2016,63rd Street,63rd
7/8/2016,63rd Street,63rd
7/9/2016,63rd Street,63rd
7/10/2016,63rd Street,63rd
7/11/2016,63rd Street,63rd
7/12/2016,63rd Street,63rd
7/13/2016,63rd Street,63rd
7/14/2016,63rd Street,63rd
7/15/2016,63rd Street,63rd
7/16/2016,63rd Street,63rd
7/17/2016,63rd Street,63rd
7/18/2016,63rd Street,63rd
7/19/2016,63rd Street,63rd
7/20/2016,63rd Street,63rd
7/21/2016,63rd Street,63rd
7/22/2016,63rd Street,63rd
7/23/2016,63rd Street,63rd
7/24/2016,63rd Street,63rd
7/25/2016,63rd Street,63rd
7/26/2016,63rd Street,63rd
7/27/2016,63rd Street,63rd
7/28/2016,63rd Street,63rd
7/29/2016,63rd Street,63rd
7/30/2016,63rd Street,63rd
7/31/2016,63rd Street,63rd
8/1/2016,63rd Street,63rd
8/2/2016,63rd Street,63rd
8/3/2016,63rd Street,63rd
8/4/2016,63rd Street,63rd
8/5/2016,63rd Street,63rd
8/6/2016,63rd Street,63rd
8/7/2016,63rd Street,63rd
8/8/2016,63rd Street,63rd
8/9/2016,63rd Street,63rd
8/10/2016,63rd Street,63rd
8/11/2016,63rd Street,63rd
8/12/2016,63rd Street,63rd
8/13/2016,63rd Street,63rd
8/14/2016,63rd Street,63rd
8/15/2016,63rd Street,63rd
8/16/2016,63rd Street,63rd
8/17/2016,63rd Street,63rd
8/18/2016,63rd Street,63rd
8/19/2016,63rd Street,63rd
8/20/2016,63rd Street,63rd
8/21/2016,63rd Street,63rd
8/22/2016,63rd Street,63rd
8/23/2016,63rd Street,63rd
8/24/2016,63rd Street,63rd
8/25/2016,63rd Street,63rd
8/26/2016,63rd Street,63rd
8/27/2016,63rd Street,63rd
8/28/2016,63rd Street,63rd
8/29/2016,63rd Street,63rd
8/30/2016,63rd Street,63rd
8/31/2016,63rd Street,63rd
9/1/2016,63rd Street,63rd
9/2/2016,63rd Street,63rd
9/3/2016,63rd Street,63rd
9/4/2016,63rd Street,63rd
9/5/2016,63rd Street,63rd
9/6/2016,63rd Street,63rd
9/7/2016,63rd Street,63rd
9/8/2016,63rd Street,63rd
9/9/2016,63rd Street,63rd
9/10/2016,63rd Street,63rd
9/11/2016,63rd Street,63rd
9/12/2016,63rd Street,63rd
9/13/2016,63rd Street,63rd
9/14/2016,63rd Street,63rd
9/15/2016,63rd Street,63rd
9/16/2016,63rd Street,63rd
9/17/2016,63rd Street,63rd
9/18/2016,63rd Street,63rd
9/19/2016,63rd Street,63rd
9/20/2016,63rd Street,63rd
9/21/2016,63rd Street,63rd
9/22/2016,63rd Street,63rd
9/23/2016,63rd Street,63rd
9/24/2016,63rd Street,63rd
9/25/2016,63rd Street,63rd
9/26/2016,63rd Street,63rd
9/27/2016,63rd Street,63rd
9/28/2016,63rd Street,63rd
9/29/2016,63rd Street,63rd
9/30/2016,63rd Street,63rd
5/1/2016,Foster,Foster
5/2/2016,Foster,Foster
5/3/2016,Foster,Foster
5/4/2016,Foster,Foster
5/5/2016,Foster,Foster
5/6/2016,Foster,Foster
5/7/2016,Foster,Foster
5/8/2016,Foster,Foster
5/9/2016,Foster,Foster
5/10/2016,Foster,Foster
5/11/2016,Foster,Foster
5/12/2016,Foster,Foster
5/13/2016,Foster,Foster
5/14/2016,Foster,Foster
5/15/2016,Foster,Foster
5/16/2016,Foster,Foster
5/17/2016,Foster,Foster
5/18/2016,Foster,Foster
5/19/2016,Foster,Foster
5/20/2016,Foster,Foster
5/21/2016,Foster,Foster
5/22/2016,Foster,Foster
5/23/2016,Foster,Foster
5/24/2016,Foster,Foster
5/25/2016,Foster,Foster
5/26/2016,Foster,Foster
5/27/2016,Foster,Foster
5/28/2016,Foster,Foster
5/29/2016,Foster,Foster
5/30/2016,Foster,Foster
5/31/2016,Foster,Foster
6/1/2016,Foster,Foster
6/2/2016,Foster,Foster
6/3/2016,Foster,Foster
6/4/2016,Foster,Foster
6/5/2016,Foster,Foster
6/6/2016,Foster,Foster
6/7/2016,Foster,Foster
6/8/2016,Foster,Foster
6/9/2016,Foster,Foster
6/10/2016,Foster,Foster
6/11/2016,Foster,Foster
6/12/2016,Foster,Foster
6/13/2016,Foster,Foster
6/14/2016,Foster,Foster
6/15/2016,Foster,Foster
6/16/2016,Foster,Foster
6/17/2016,Foster,Foster
6/18/2016,Foster,Foster
6/19/2016,Foster,Foster
6/20/2016,Foster,Foster
6/21/2016,Foster,Foster
6/22/2016,Foster,Foster
6/23/2016,Foster,Foster
6/24/2016,Foster,Foster
6/25/2016,Foster,Foster
6/26/2016,Foster,Foster
6/27/2016,Foster,Foster
6/28/2016,Foster,Foster
6/29/2016,Foster,Foster
6/30/2016,Foster,Foster
7/1/2016,Foster,Foster
7/2/2016,Foster,Foster
7/3/2016,Foster,Foster
7/4/2016,Foster,Foster
7/5/2016,Foster,Foster
7/6/2016,Foster,Foster
7/7/2016,Foster,Foster
7/8/2016,Foster,Foster
7/9/2016,Foster,Foster
7/10/2016,Foster,Foster
7/11/2016,Foster,Foster
7/12/2016,Foster,Foster
7/13/2016,Foster,Foster
7/14/2016,Foster,Foster
7/15/2016,Foster,Foster
7/16/2016,Foster,Foster
7/17/2016,Foster,Foster
7/18/2016,Foster,Foster
7/19/2016,Foster,Foster
7/20/2016,Foster,Foster
7/21/2016,Foster,Foster
7/22/2016,Foster,Foster
7/23/2016,Foster,Foster
7/24/2016,Foster,Foster
7/25/2016,Foster,Foster
7/26/2016,Foster,Foster
7/27/2016,Foster,Foster
7/28/2016,Foster,Foster
7/29/2016,Foster,Foster
7/30/2016,Foster,Foster
7/31/2016,Foster,Foster
8/1/2016,Foster,Foster
8/2/2016,Foster,Foster
8/3/2016,Foster,Foster
8/4/2016,Foster,Foster
8/5/2016,Foster,Foster
8/6/2016,Foster,Foster
8/7/2016,Foster,Foster
8/8/2016,Foster,Foster
8/9/2016,Foster,Foster
8/10/2016,Foster,Foster
8/11/2016,Foster,Foster
8/12/2016,Foster,Foster
8/13/2016,Foster,Foster
8/14/2016,Foster,Foster
8/15/2016,Foster,Foster
8/16/2016,Foster,Foster
8/17/2016,Foster,Foster
8/18/2016,Foster,Foster
8/19/2016,Foster,Foster
8/20/2016,Foster,Foster
8/21/2016,Foster,Foster
8/22/2016,Foster,Foster
8/23/2016,Foster,Foster
8/24/2016,Foster,Foster
8/25/2016,Foster,Foster
8/26/2016,Foster,Foster
8/27/2016,Foster,Foster
8/28/2016,Foster,Foster
8/29/2016,Foster,Foster
8/30/2016,Foster,Foster
8/31/2016,Foster,Foster
9/1/2016,Foster,Foster
9/2/2016,Foster,Foster
9/3/2016,Foster,Foster
9/4/2016,Foster,Foster
9/5/2016,Foster,Foster
9/6/2016,Foster,Foster
9/7/2016,Foster,Foster
9/8/2016,Foster,Foster
9/9/2016,Foster,Foster
9/10/2016,Foster,Foster
9/11/2016,Foster,Foster
9/12/2016,Foster,Foster
9/13/2016,Foster,Foster
9/14/2016,Foster,Foster
9/15/2016,Foster,Foster
9/16/2016,Foster,Foster
9/17/2016,Foster,Foster
9/18/2016,Foster,Foster
9/19/2016,Foster,Foster
9/20/2016,Foster,Foster
9/21/2016,Foster,Foster
9/22/2016,Foster,Foster
9/23/2016,Foster,Foster
9/24/2016,Foster,Foster
9/25/2016,Foster,Foster
9/26/2016,Foster,Foster
9/27/2016,Foster,Foster
9/28/2016,Foster,Foster
9/29/2016,Foster,Foster
9/30/2016,Foster,Foster
5/1/2016,Calumet,Calumet
5/2/2016,Calumet,Calumet
5/3/2016,Calumet,Calumet
5/4/2016,Calumet,Calumet
5/5/2016,Calumet,Calumet
5/6/2016,Calumet,Calumet
5/7/2016,Calumet,Calumet
5/8/2016,Calumet,Calumet
5/9/2016,Calumet,Calumet
5/10/2016,Calumet,Calumet
5/11/2016,Calumet,Calumet
5/12/2016,Calumet,Calumet
5/13/2016,Calumet,Calumet
5/14/2016,Calumet,Calumet
5/15/2016,Calumet,Calumet
5/16/2016,Calumet,Calumet
5/17/2016,Calumet,Calumet
5/18/2016,Calumet,Calumet
5/19/2016,Calumet,Calumet
5/20/2016,Calumet,Calumet
5/21/2016,Calumet,Calumet
5/22/2016,Calumet,Calumet
5/23/2016,Calumet,Calumet
5/24/2016,Calumet,Calumet
5/25/2016,Calumet,Calumet
5/26/2016,Calumet,Calumet
5/27/2016,Calumet,Calumet
5/28/2016,Calumet,Calumet
5/29/2016,Calumet,Calumet
5/30/2016,Calumet,Calumet
5/31/2016,Calumet,Calumet
6/1/2016,Calumet,Calumet
6/2/2016,Calumet,Calumet
6/3/2016,Calumet,Calumet
6/4/2016,Calumet,Calumet
6/5/2016,Calumet,Calumet
6/6/2016,Calumet,Calumet
6/7/2016,Calumet,Calumet
6/8/2016,Calumet,Calumet
6/9/2016,Calumet,Calumet
6/10/2016,Calumet,Calumet
6/11/2016,Calumet,Calumet
6/12/2016,Calumet,Calumet
6/13/2016,Calumet,Calumet
6/14/2016,Calumet,Calumet
6/15/2016,Calumet,Calumet
6/16/2016,Calumet,Calumet
6/17/2016,Calumet,Calumet
6/18/2016,Calumet,Calumet
6/19/2016,Calumet,Calumet
6/20/2016,Calumet,Calumet
6/21/2016,Calumet,Calumet
6/22/2016,Calumet,Calumet
6/23/2016,Calumet,Calumet
6/24/2016,Calumet,Calumet
6/25/2016,Calumet,Calumet
6/26/2016,Calumet,Calumet
6/27/2016,Calumet,Calumet
6/28/2016,Calumet,Calumet
6/29/2016,Calumet,Calumet
6/30/2016,Calumet,Calumet
7/1/2016,Calumet,Calumet
7/2/2016,Calumet,Calumet
7/3/2016,Calumet,Calumet
7/4/2016,Calumet,Calumet
7/5/2016,Calumet,Calumet
7/6/2016,Calumet,Calumet
7/7/2016,Calumet,Calumet
7/8/2016,Calumet,Calumet
7/9/2016,Calumet,Calumet
7/10/2016,Calumet,Calumet
7/11/2016,Calumet,Calumet
7/12/2016,Calumet,Calumet
7/13/2016,Calumet,Calumet
7/14/2016,Calumet,Calumet
7/15/2016,Calumet,Calumet
7/16/2016,Calumet,Calumet
7/17/2016,Calumet,Calumet
7/18/2016,Calumet,Calumet
7/19/2016,Calumet,Calumet
7/20/2016,Calumet,Calumet
7/21/2016,Calumet,Calumet
7/22/2016,Calumet,Calumet
7/23/2016,Calumet,Calumet
7/24/2016,Calumet,Calumet
7/25/2016,Calumet,Calumet
7/26/2016,Calumet,Calumet
7/27/2016,Calumet,Calumet
7/28/2016,Calumet,Calumet
7/29/2016,Calumet,Calumet
7/30/2016,Calumet,Calumet
7/31/2016,Calumet,Calumet
8/1/2016,Calumet,Calumet
8/2/2016,Calumet,Calumet
8/3/2016,Calumet,Calumet
8/4/2016,Calumet,Calumet
8/5/2016,Calumet,Calumet
8/6/2016,Calumet,Calumet
8/7/2016,Calumet,Calumet
8/8/2016,Calumet,Calumet
8/9/2016,Calumet,Calumet
8/10/2016,Calumet,Calumet
8/11/2016,Calumet,Calumet
8/12/2016,Calumet,Calumet
8/13/2016,Calumet,Calumet
8/14/2016,Calumet,Calumet
8/15/2016,Calumet,Calumet
8/16/2016,Calumet,Calumet
8/17/2016,Calumet,Calumet
8/18/2016,Calumet,Calumet
8/19/2016,Calumet,Calumet
8/20/2016,Calumet,Calumet
8/21/2016,Calumet,Calumet
8/22/2016,Calumet,Calumet
8/23/2016,Calumet,Calumet
8/24/2016,Calumet,Calumet
8/25/2016,Calumet,Calumet
8/26/2016,Calumet,Calumet
8/27/2016,Calumet,Calumet
8/28/2016,Calumet,Calumet
8/29/2016,Calumet,Calumet
8/30/2016,Calumet,Calumet
8/31/2016,Calumet,Calumet
9/1/2016,Calumet,Calumet
9/2/2016,Calumet,Calumet
9/3/2016,Calumet,Calumet
9/4/2016,Calumet,Calumet
9/5/2016,Calumet,Calumet
9/6/2016,Calumet,Calumet
9/7/2016,Calumet,Calumet
9/8/2016,Calumet,Calumet
9/9/2016,Calumet,Calumet
9/10/2016,Calumet,Calumet
9/11/2016,Calumet,Calumet
9/12/2016,Calumet,Calumet
9/13/2016,Calumet,Calumet
9/14/2016,Calumet,Calumet
9/15/2016,Calumet,Calumet
9/16/2016,Calumet,Calumet
9/17/2016,Calumet,Calumet
9/18/2016,Calumet,Calumet
9/19/2016,Calumet,Calumet
9/20/2016,Calumet,Calumet
9/21/2016,Calumet,Calumet
9/22/2016,Calumet,Calumet
9/23/2016,Calumet,Calumet
9/24/2016,Calumet,Calumet
9/25/2016,Calumet,Calumet
9/26/2016,Calumet,Calumet
9/27/2016,Calumet,Calumet
9/28/2016,Calumet,Calumet
9/29/2016,Calumet,Calumet
9/30/2016,Calumet,Calumet
5/1/2016,Rogers,Rogers
5/2/2016,Rogers,Rogers
5/3/2016,Rogers,Rogers
5/4/2016,Rogers,Rogers
5/5/2016,Rogers,Rogers
5/6/2016,Rogers,Rogers
5/7/2016,Rogers,Rogers
5/8/2016,Rogers,Rogers
5/9/2016,Rogers,Rogers
5/10/2016,Rogers,Rogers
5/11/2016,Rogers,Rogers
5/12/2016,Rogers,Rogers
5/13/2016,Rogers,Rogers
5/14/2016,Rogers,Rogers
5/15/2016,Rogers,Rogers
5/16/2016,Rogers,Rogers
5/17/2016,Rogers,Rogers
5/18/2016,Rogers,Rogers
5/19/2016,Rogers,Rogers
5/20/2016,Rogers,Rogers
5/21/2016,Rogers,Rogers
5/22/2016,Rogers,Rogers
5/23/2016,Rogers,Rogers
5/24/2016,Rogers,Rogers
5/25/2016,Rogers,Rogers
5/26/2016,Rogers,Rogers
5/27/2016,Rogers,Rogers
5/28/2016,Rogers,Rogers
5/29/2016,Rogers,Rogers
5/30/2016,Rogers,Rogers
5/31/2016,Rogers,Rogers
6/1/2016,Rogers,Rogers
6/2/2016,Rogers,Rogers
6/3/2016,Rogers,Rogers
6/4/2016,Rogers,Rogers
6/5/2016,Rogers,Rogers
6/6/2016,Rogers,Rogers
6/7/2016,Rogers,Rogers
6/8/2016,Rogers,Rogers
6/9/2016,Rogers,Rogers
6/10/2016,Rogers,Rogers
6/11/2016,Rogers,Rogers
6/12/2016,Rogers,Rogers
6/13/2016,Rogers,Rogers
6/14/2016,Rogers,Rogers
6/15/2016,Rogers,Rogers
6/16/2016,Rogers,Rogers
6/17/2016,Rogers,Rogers
6/18/2016,Rogers,Rogers
6/19/2016,Rogers,Rogers
6/20/2016,Rogers,Rogers
6/21/2016,Rogers,Rogers
6/22/2016,Rogers,Rogers
6/23/2016,Rogers,Rogers
6/24/2016,Rogers,Rogers
6/25/2016,Rogers,Rogers
6/26/2016,Rogers,Rogers
6/27/2016,Rogers,Rogers
6/28/2016,Rogers,Rogers
6/29/2016,Rogers,Rogers
6/30/2016,Rogers,Rogers
7/1/2016,Rogers,Rogers
7/2/2016,Rogers,Rogers
7/3/2016,Rogers,Rogers
7/4/2016,Rogers,Rogers
7/5/2016,Rogers,Rogers
7/6/2016,Rogers,Rogers
7/7/2016,Rogers,Rogers
7/8/2016,Rogers,Rogers
7/9/2016,Rogers,Rogers
7/10/2016,Rogers,Rogers
7/11/2016,Rogers,Rogers
7/12/2016,Rogers,Rogers
7/13/2016,Rogers,Rogers
7/14/2016,Rogers,Rogers
7/15/2016,Rogers,Rogers
7/16/2016,Rogers,Rogers
7/17/2016,Rogers,Rogers
7/18/2016,Rogers,Rogers
7/19/2016,Rogers,Rogers
7/20/2016,Rogers,Rogers
7/21/2016,Rogers,Rogers
7/22/2016,Rogers,Rogers
7/23/2016,Rogers,Rogers
7/24/2016,Rogers,Rogers
7/25/2016,Rogers,Rogers
7/26/2016,Rogers,Rogers
7/27/2016,Rogers,Rogers
7/28/2016,Rogers,Rogers
7/29/2016,Rogers,Rogers
7/30/2016,Rogers,Rogers
7/31/2016,Rogers,Rogers
8/1/2016,Rogers,Rogers
8/2/2016,Rogers,Rogers
8/3/2016,Rogers,Rogers
8/4/2016,Rogers,Rogers
8/5/2016,Rogers,Rogers
8/6/2016,Rogers,Rogers
8/7/2016,Rogers,Rogers
8/8/2016,Rogers,Rogers
8/9/2016,Rogers,Rogers
8/10/2016,Rogers,Rogers
8/11/2016,Rogers,Rogers
8/12/2016,Rogers,Rogers
8/13/2016,Rogers,Rogers
8/14/2016,Rogers,Rogers
8/15/2016,Rogers,Rogers
8/16/2016,Rogers,Rogers
8/17/2016,Rogers,Rogers
8/18/2016,Rogers,Rogers
8/19/2016,Rogers,Rogers
8/20/2016,Rogers,Rogers
8/21/2016,Rogers,Rogers
8/22/2016,Rogers,Rogers
8/23/2016,Rogers,Rogers
8/24/2016,Rogers,Rogers
8/25/2016,Rogers,Rogers
8/26/2016,Rogers,Rogers
8/27/2016,Rogers,Rogers
8/28/2016,Rogers,Rogers
8/29/2016,Rogers,Rogers
8/30/2016,Rogers,Rogers
8/31/2016,Rogers,Rogers
9/1/2016,Rogers,Rogers
9/2/2016,Rogers,Rogers
9/3/2016,Rogers,Rogers
9/4/2016,Rogers,Rogers
9/5/2016,Rogers,Rogers
9/6/2016,Rogers,Rogers
9/7/2016,Rogers,Rogers
9/8/2016,Rogers,Rogers
9/9/2016,Rogers,Rogers
9/10/2016,Rogers,Rogers
9/11/2016,Rogers,Rogers
9/12/2016,Rogers,Rogers
9/13/2016,Rogers,Rogers
9/14/2016,Rogers,Rogers
9/15/2016,Rogers,Rogers
9/16/2016,Rogers,Rogers
9/17/2016,Rogers,Rogers
9/18/2016,Rogers,Rogers
9/19/2016,Rogers,Rogers
9/20/2016,Rogers,Rogers
9/21/2016,Rogers,Rogers
9/22/2016,Rogers,Rogers
9/23/2016,Rogers,Rogers
9/24/2016,Rogers,Rogers
9/25/2016,Rogers,Rogers
9/26/2016,Rogers,Rogers
9/27/2016,Rogers,Rogers
9/28/2016,Rogers,Rogers
9/29/2016,Rogers,Rogers
9/30/2016,Rogers,Rogers
5/1/2016,Hartigan,Albion
5/2/2016,Hartigan,Albion
5/3/2016,Hartigan,Albion
5/4/2016,Hartigan,Albion
5/5/2016,Hartigan,Albion
5/6/2016,Hartigan,Albion
5/7/2016,Hartigan,Albion
5/8/2016,Hartigan,Albion
5/9/2016,Hartigan,Albion
5/10/2016,Hartigan,Albion
5/11/2016,Hartigan,Albion
5/12/2016,Hartigan,Albion
5/13/2016,Hartigan,Albion
5/14/2016,Hartigan,Albion
5/15/2016,Hartigan,Albion
5/16/2016,Hartigan,Albion
5/17/2016,Hartigan,Albion
5/18/2016,Hartigan,Albion
5/19/2016,Hartigan,Albion
5/20/2016,Hartigan,Albion
5/21/2016,Hartigan,Albion
5/22/2016,Hartigan,Albion
5/23/2016,Hartigan,Albion
5/24/2016,Hartigan,Albion
5/25/2016,Hartigan,Albion
5/26/2016,Hartigan,Albion
5/27/2016,Hartigan,Albion
5/28/2016,Hartigan,Albion
5/29/2016,Hartigan,Albion
5/30/2016,Hartigan,Albion
5/31/2016,Hartigan,Albion
6/1/2016,Hartigan,Albion
6/2/2016,Hartigan,Albion
6/3/2016,Hartigan,Albion
6/4/2016,Hartigan,Albion
6/5/2016,Hartigan,Albion
6/6/2016,Hartigan,Albion
6/7/2016,Hartigan,Albion
6/8/2016,Hartigan,Albion
6/9/2016,Hartigan,Albion
6/10/2016,Hartigan,Albion
6/11/2016,Hartigan,Albion
6/12/2016,Hartigan,Albion
6/13/2016,Hartigan,Albion
6/14/2016,Hartigan,Albion
6/15/2016,Hartigan,Albion
6/16/2016,Hartigan,Albion
6/17/2016,Hartigan,Albion
6/18/2016,Hartigan,Albion
6/19/2016,Hartigan,Albion
6/20/2016,Hartigan,Albion
6/21/2016,Hartigan,Albion
6/22/2016,Hartigan,Albion
6/23/2016,Hartigan,Albion
6/24/2016,Hartigan,Albion
6/25/2016,Hartigan,Albion
6/26/2016,Hartigan,Albion
6/27/2016,Hartigan,Albion
6/28/2016,Hartigan,Albion
6/29/2016,Hartigan,Albion
6/30/2016,Hartigan,Albion
7/1/2016,Hartigan,Albion
7/2/2016,Hartigan,Albion
7/3/2016,Hartigan,Albion
7/4/2016,Hartigan,Albion
7/5/2016,Hartigan,Albion
7/6/2016,Hartigan,Albion
7/7/2016,Hartigan,Albion
7/8/2016,Hartigan,Albion
7/9/2016,Hartigan,Albion
7/10/2016,Hartigan,Albion
7/11/2016,Hartigan,Albion
7/12/2016,Hartigan,Albion
7/13/2016,Hartigan,Albion
7/14/2016,Hartigan,Albion
7/15/2016,Hartigan,Albion
7/16/2016,Hartigan,Albion
7/17/2016,Hartigan,Albion
7/18/2016,Hartigan,Albion
7/19/2016,Hartigan,Albion
7/20/2016,Hartigan,Albion
7/21/2016,Hartigan,Albion
7/22/2016,Hartigan,Albion
7/23/2016,Hartigan,Albion
7/24/2016,Hartigan,Albion
7/25/2016,Hartigan,Albion
7/26/2016,Hartigan,Albion
7/27/2016,Hartigan,Albion
7/28/2016,Hartigan,Albion
7/29/2016,Hartigan,Albion
7/30/2016,Hartigan,Albion
7/31/2016,Hartigan,Albion
8/1/2016,Hartigan,Albion
8/2/2016,Hartigan,Albion
8/3/2016,Hartigan,Albion
8/4/2016,Hartigan,Albion
8/5/2016,Hartigan,Albion
8/6/2016,Hartigan,Albion
8/7/2016,Hartigan,Albion
8/8/2016,Hartigan,Albion
8/9/2016,Hartigan,Albion
8/10/2016,Hartigan,Albion
8/11/2016,Hartigan,Albion
8/12/2016,Hartigan,Albion
8/13/2016,Hartigan,Albion
8/14/2016,Hartigan,Albion
8/15/2016,Hartigan,Albion
8/16/2016,Hartigan,Albion
8/17/2016,Hartigan,Albion
8/18/2016,Hartigan,Albion
8/19/2016,Hartigan,Albion
8/20/2016,Hartigan,Albion
8/21/2016,Hartigan,Albion
8/22/2016,Hartigan,Albion
8/23/2016,Hartigan,Albion
8/24/2016,Hartigan,Albion
8/25/2016,Hartigan,Albion
8/26/2016,Hartigan,Albion
8/27/2016,Hartigan,Albion
8/28/2016,Hartigan,Albion
8/29/2016,Hartigan,Albion
8/30/2016,Hartigan,Albion
8/31/2016,Hartigan,Albion
9/1/2016,Hartigan,Albion
9/2/2016,Hartigan,Albion
9/3/2016,Hartigan,Albion
9/4/2016,Hartigan,Albion
9/5/2016,Hartigan,Albion
9/6/2016,Hartigan,Albion
9/7/2016,Hartigan,Albion
9/8/2016,Hartigan,Albion
9/9/2016,Hartigan,Albion
9/10/2016,Hartigan,Albion
9/11/2016,Hartigan,Albion
9/12/2016,Hartigan,Albion
9/13/2016,Hartigan,Albion
9/14/2016,Hartigan,Albion
9/15/2016,Hartigan,Albion
9/16/2016,Hartigan,Albion
9/17/2016,Hartigan,Albion
9/18/2016,Hartigan,Albion
9/19/2016,Hartigan,Albion
9/20/2016,Hartigan,Albion
9/21/2016,Hartigan,Albion
9/22/2016,Hartigan,Albion
9/23/2016,Hartigan,Albion
9/24/2016,Hartigan,Albion
9/25/2016,Hartigan,Albion
9/26/2016,Hartigan,Albion
9/27/2016,Hartigan,Albion
9/28/2016,Hartigan,Albion
9/29/2016,Hartigan,Albion
9/30/2016,Hartigan,Albion
5/1/2016,Margaret T Burroughs,31st
5/2/2016,Margaret T Burroughs,31st
5/3/2016,Margaret T Burroughs,31st
5/4/2016,Margaret T Burroughs,31st
5/5/2016,Margaret T Burroughs,31st
5/6/2016,Margaret T Burroughs,31st
5/7/2016,Margaret T Burroughs,31st
5/8/2016,Margaret T Burroughs,31st
5/9/2016,Margaret T Burroughs,31st
5/10/2016,Margaret T Burroughs,31st
5/11/2016,Margaret T Burroughs,31st
5/12/2016,Margaret T Burroughs,31st
5/13/2016,Margaret T Burroughs,31st
5/14/2016,Margaret T Burroughs,31st
5/15/2016,Margaret T Burroughs,31st
5/16/2016,Margaret T Burroughs,31st
5/17/2016,Margaret T Burroughs,31st
5/18/2016,Margaret T Burroughs,31st
5/19/2016,Margaret T Burroughs,31st
5/20/2016,Margaret T Burroughs,31st
5/21/2016,Margaret T Burroughs,31st
5/22/2016,Margaret T Burroughs,31st
5/23/2016,Margaret T Burroughs,31st
5/24/2016,Margaret T Burroughs,31st
5/25/2016,Margaret T Burroughs,31st
5/26/2016,Margaret T Burroughs,31st
5/27/2016,Margaret T Burroughs,31st
5/28/2016,Margaret T Burroughs,31st
5/29/2016,Margaret T Burroughs,31st
5/30/2016,Margaret T Burroughs,31st
5/31/2016,Margaret T Burroughs,31st
6/1/2016,Margaret T Burroughs,31st
6/2/2016,Margaret T Burroughs,31st
6/3/2016,Margaret T Burroughs,31st
6/4/2016,Margaret T Burroughs,31st
6/5/2016,Margaret T Burroughs,31st
6/6/2016,Margaret T Burroughs,31st
6/7/2016,Margaret T Burroughs,31st
6/8/2016,Margaret T Burroughs,31st
6/9/2016,Margaret T Burroughs,31st
6/10/2016,Margaret T Burroughs,31st
6/11/2016,Margaret T Burroughs,31st
6/12/2016,Margaret T Burroughs,31st
6/13/2016,Margaret T Burroughs,31st
6/14/2016,Margaret T Burroughs,31st
6/15/2016,Margaret T Burroughs,31st
6/16/2016,Margaret T Burroughs,31st
6/17/2016,Margaret T Burroughs,31st
6/18/2016,Margaret T Burroughs,31st
6/19/2016,Margaret T Burroughs,31st
6/20/2016,Margaret T Burroughs,31st
6/21/2016,Margaret T Burroughs,31st
6/22/2016,Margaret T Burroughs,31st
6/23/2016,Margaret T Burroughs,31st
6/24/2016,Margaret T Burroughs,31st
6/25/2016,Margaret T Burroughs,31st
6/26/2016,Margaret T Burroughs,31st
6/27/2016,Margaret T Burroughs,31st
6/28/2016,Margaret T Burroughs,31st
6/29/2016,Margaret T Burroughs,31st
6/30/2016,Margaret T Burroughs,31st
7/1/2016,Margaret T Burroughs,31st
7/2/2016,Margaret T Burroughs,31st
7/3/2016,Margaret T Burroughs,31st
7/4/2016,Margaret T Burroughs,31st
7/5/2016,Margaret T Burroughs,31st
7/6/2016,Margaret T Burroughs,31st
7/7/2016,Margaret T Burroughs,31st
7/8/2016,Margaret T Burroughs,31st
7/9/2016,Margaret T Burroughs,31st
7/10/2016,Margaret T Burroughs,31st
7/11/2016,Margaret T Burroughs,31st
7/12/2016,Margaret T Burroughs,31st
7/13/2016,Margaret T Burroughs,31st
7/14/2016,Margaret T Burroughs,31st
7/15/2016,Margaret T Burroughs,31st
7/16/2016,Margaret T Burroughs,31st
7/17/2016,Margaret T Burroughs,31st
7/18/2016,Margaret T Burroughs,31st
7/19/2016,Margaret T Burroughs,31st
7/20/2016,Margaret T Burroughs,31st
7/21/2016,Margaret T Burroughs,31st
7/22/2016,Margaret T Burroughs,31st
7/23/2016,Margaret T Burroughs,31st
7/24/2016,Margaret T Burroughs,31st
7/25/2016,Margaret T Burroughs,31st
7/26/2016,Margaret T Burroughs,31st
7/27/2016,Margaret T Burroughs,31st
7/28/2016,Margaret T Burroughs,31st
7/29/2016,Margaret T Burroughs,31st
7/30/2016,Margaret T Burroughs,31st
7/31/2016,Margaret T Burroughs,31st
8/1/2016,Margaret T Burroughs,31st
8/2/2016,Margaret T Burroughs,31st
8/3/2016,Margaret T Burroughs,31st
8/4/2016,Margaret T Burroughs,31st
8/5/2016,Margaret T Burroughs,31st
8/6/2016,Margaret T Burroughs,31st
8/7/2016,Margaret T Burroughs,31st
8/8/2016,Margaret T Burroughs,31st
8/9/2016,Margaret T Burroughs,31st
8/10/2016,Margaret T Burroughs,31st
8/11/2016,Margaret T Burroughs,31st
8/12/2016,Margaret T Burroughs,31st
8/13/2016,Margaret T Burroughs,31st
8/14/2016,Margaret T Burroughs,31st
8/15/2016,Margaret T Burroughs,31st
8/16/2016,Margaret T Burroughs,31st
8/17/2016,Margaret T Burroughs,31st
8/18/2016,Margaret T Burroughs,31st
8/19/2016,Margaret T Burroughs,31st
8/20/2016,Margaret T Burroughs,31st
8/21/2016,Margaret T Burroughs,31st
8/22/2016,Margaret T Burroughs,31st
8/23/2016,Margaret T Burroughs,31st
8/24/2016,Margaret T Burroughs,31st
8/25/2016,Margaret T Burroughs,31st
8/26/2016,Margaret T Burroughs,31st
8/27/2016,Margaret T Burroughs,31st
8/28/2016,Margaret T Burroughs,31st
8/29/2016,Margaret T Burroughs,31st
8/30/2016,Margaret T Burroughs,31st
8/31/2016,Margaret T Burroughs,31st
9/1/2016,Margaret T Burroughs,31st
9/2/2016,Margaret T Burroughs,31st
9/3/2016,Margaret T Burroughs,31st
9/4/2016,Margaret T Burroughs,31st
9/5/2016,Margaret T Burroughs,31st
9/6/2016,Margaret T Burroughs,31st
9/7/2016,Margaret T Burroughs,31st
9/8/2016,Margaret T Burroughs,31st
9/9/2016,Margaret T Burroughs,31st
9/10/2016,Margaret T Burroughs,31st
9/11/2016,Margaret T Burroughs,31st
9/12/2016,Margaret T Burroughs,31st
9/13/2016,Margaret T Burroughs,31st
9/14/2016,Margaret T Burroughs,31st
9/15/2016,Margaret T Burroughs,31st
9/16/2016,Margaret T Burroughs,31st
9/17/2016,Margaret T Burroughs,31st
9/18/2016,Margaret T Burroughs,31st
9/19/2016,Margaret T Burroughs,31st
9/20/2016,Margaret T Burroughs,31st
9/21/2016,Margaret T Burroughs,31st
9/22/2016,Margaret T Burroughs,31st
9/23/2016,Margaret T Burroughs,31st
9/24/2016,Margaret T Burroughs,31st
9/25/2016,Margaret T Burroughs,31st
9/26/2016,Margaret T Burroughs,31st
9/27/2016,Margaret T Burroughs,31st
9/28/2016,Margaret T Burroughs,31st
9/29/2016,Margaret T Burroughs,31st
9/30/2016,Margaret T Burroughs,31st
5/1/2016,Osterman,Osterman
5/2/2016,Osterman,Osterman
5/3/2016,Osterman,Osterman
5/4/2016,Osterman,Osterman
5/5/2016,Osterman,Osterman
5/6/2016,Osterman,Osterman
5/7/2016,Osterman,Osterman
5/8/2016,Osterman,Osterman
5/9/2016,Osterman,Osterman
5/10/2016,Osterman,Osterman
5/11/2016,Osterman,Osterman
5/12/2016,Osterman,Osterman
5/13/2016,Osterman,Osterman
5/14/2016,Osterman,Osterman
5/15/2016,Osterman,Osterman
5/16/2016,Osterman,Osterman
5/17/2016,Osterman,Osterman
5/18/2016,Osterman,Osterman
5/19/2016,Osterman,Osterman
5/20/2016,Osterman,Osterman
5/21/2016,Osterman,Osterman
5/22/2016,Osterman,Osterman
5/23/2016,Osterman,Osterman
5/24/2016,Osterman,Osterman
5/25/2016,Osterman,Osterman
5/26/2016,Osterman,Osterman
5/27/2016,Osterman,Osterman
5/28/2016,Osterman,Osterman
5/29/2016,Osterman,Osterman
5/30/2016,Osterman,Osterman
5/31/2016,Osterman,Osterman
6/1/2016,Osterman,Osterman
6/2/2016,Osterman,Osterman
6/3/2016,Osterman,Osterman
6/4/2016,Osterman,Osterman
6/5/2016,Osterman,Osterman
6/6/2016,Osterman,Osterman
6/7/2016,Osterman,Osterman
6/8/2016,Osterman,Osterman
6/9/2016,Osterman,Osterman
6/10/2016,Osterman,Osterman
6/11/2016,Osterman,Osterman
6/12/2016,Osterman,Osterman
6/13/2016,Osterman,Osterman
6/14/2016,Osterman,Osterman
6/15/2016,Osterman,Osterman
6/16/2016,Osterman,Osterman
6/17/2016,Osterman,Osterman
6/18/2016,Osterman,Osterman
6/19/2016,Osterman,Osterman
6/20/2016,Osterman,Osterman
6/21/2016,Osterman,Osterman
6/22/2016,Osterman,Osterman
6/23/2016,Osterman,Osterman
6/24/2016,Osterman,Osterman
6/25/2016,Osterman,Osterman
6/26/2016,Osterman,Osterman
6/27/2016,Osterman,Osterman
6/28/2016,Osterman,Osterman
6/29/2016,Osterman,Osterman
6/30/2016,Osterman,Osterman
7/1/2016,Osterman,Osterman
7/2/2016,Osterman,Osterman
7/3/2016,Osterman,Osterman
7/4/2016,Osterman,Osterman
7/5/2016,Osterman,Osterman
7/6/2016,Osterman,Osterman
7/7/2016,Osterman,Osterman
7/8/2016,Osterman,Osterman
7/9/2016,Osterman,Osterman
7/10/2016,Osterman,Osterman
7/11/2016,Osterman,Osterman
7/12/2016,Osterman,Osterman
7/13/2016,Osterman,Osterman
7/14/2016,Osterman,Osterman
7/15/2016,Osterman,Osterman
7/16/2016,Osterman,Osterman
7/17/2016,Osterman,Osterman
7/18/2016,Osterman,Osterman
7/19/2016,Osterman,Osterman
7/20/2016,Osterman,Osterman
7/21/2016,Osterman,Osterman
7/22/2016,Osterman,Osterman
7/23/2016,Osterman,Osterman
7/24/2016,Osterman,Osterman
7/25/2016,Osterman,Osterman
7/26/2016,Osterman,Osterman
7/27/2016,Osterman,Osterman
7/28/2016,Osterman,Osterman
7/29/2016,Osterman,Osterman
7/30/2016,Osterman,Osterman
7/31/2016,Osterman,Osterman
8/1/2016,Osterman,Osterman
8/2/2016,Osterman,Osterman
8/3/2016,Osterman,Osterman
8/4/2016,Osterman,Osterman
8/5/2016,Osterman,Osterman
8/6/2016,Osterman,Osterman
8/7/2016,Osterman,Osterman
8/8/2016,Osterman,Osterman
8/9/2016,Osterman,Osterman
8/10/2016,Osterman,Osterman
8/11/2016,Osterman,Osterman
8/12/2016,Osterman,Osterman
8/13/2016,Osterman,Osterman
8/14/2016,Osterman,Osterman
8/15/2016,Osterman,Osterman
8/16/2016,Osterman,Osterman
8/17/2016,Osterman,Osterman
8/18/2016,Osterman,Osterman
8/19/2016,Osterman,Osterman
8/20/2016,Osterman,Osterman
8/21/2016,Osterman,Osterman
8/22/2016,Osterman,Osterman
8/23/2016,Osterman,Osterman
8/24/2016,Osterman,Osterman
8/25/2016,Osterman,Osterman
8/26/2016,Osterman,Osterman
8/27/2016,Osterman,Osterman
8/28/2016,Osterman,Osterman
8/29/2016,Osterman,Osterman
8/30/2016,Osterman,Osterman
8/31/2016,Osterman,Osterman
9/1/2016,Osterman,Osterman
9/2/2016,Osterman,Osterman
9/3/2016,Osterman,Osterman
9/4/2016,Osterman,Osterman
9/5/2016,Osterman,Osterman
9/6/2016,Osterman,Osterman
9/7/2016,Osterman,Osterman
9/8/2016,Osterman,Osterman
9/9/2016,Osterman,Osterman
9/10/2016,Osterman,Osterman
9/11/2016,Osterman,Osterman
9/12/2016,Osterman,Osterman
9/13/2016,Osterman,Osterman
9/14/2016,Osterman,Osterman
9/15/2016,Osterman,Osterman
9/16/2016,Osterman,Osterman
9/17/2016,Osterman,Osterman
9/18/2016,Osterman,Osterman
9/19/2016,Osterman,Osterman
9/20/2016,Osterman,Osterman
9/21/2016,Osterman,Osterman
9/22/2016,Osterman,Osterman
9/23/2016,Osterman,Osterman
9/24/2016,Osterman,Osterman
9/25/2016,Osterman,Osterman
9/26/2016,Osterman,Osterman
9/27/2016,Osterman,Osterman
9/28/2016,Osterman,Osterman
9/29/2016,Osterman,Osterman
9/30/2016,Osterman,Osterman
5/1/2016,Leone,Leone
5/2/2016,Leone,Leone
5/3/2016,Leone,Leone
5/4/2016,Leone,Leone
5/5/2016,Leone,Leone
5/6/2016,Leone,Leone
5/7/2016,Leone,Leone
5/8/2016,Leone,Leone
5/9/2016,Leone,Leone
5/10/2016,Leone,Leone
5/11/2016,Leone,Leone
5/12/2016,Leone,Leone
5/13/2016,Leone,Leone
5/14/2016,Leone,Leone
5/15/2016,Leone,Leone
5/16/2016,Leone,Leone
5/17/2016,Leone,Leone
5/18/2016,Leone,Leone
5/19/2016,Leone,Leone
5/20/2016,Leone,Leone
5/21/2016,Leone,Leone
5/22/2016,Leone,Leone
5/23/2016,Leone,Leone
5/24/2016,Leone,Leone
5/25/2016,Leone,Leone
5/26/2016,Leone,Leone
5/27/2016,Leone,Leone
5/28/2016,Leone,Leone
5/29/2016,Leone,Leone
5/30/2016,Leone,Leone
5/31/2016,Leone,Leone
6/1/2016,Leone,Leone
6/2/2016,Leone,Leone
6/3/2016,Leone,Leone
6/4/2016,Leone,Leone
6/5/2016,Leone,Leone
6/6/2016,Leone,Leone
6/7/2016,Leone,Leone
6/8/2016,Leone,Leone
6/9/2016,Leone,Leone
6/10/2016,Leone,Leone
6/11/2016,Leone,Leone
6/12/2016,Leone,Leone
6/13/2016,Leone,Leone
6/14/2016,Leone,Leone
6/15/2016,Leone,Leone
6/16/2016,Leone,Leone
6/17/2016,Leone,Leone
6/18/2016,Leone,Leone
6/19/2016,Leone,Leone
6/20/2016,Leone,Leone
6/21/2016,Leone,Leone
6/22/2016,Leone,Leone
6/23/2016,Leone,Leone
6/24/2016,Leone,Leone
6/25/2016,Leone,Leone
6/26/2016,Leone,Leone
6/27/2016,Leone,Leone
6/28/2016,Leone,Leone
6/29/2016,Leone,Leone
6/30/2016,Leone,Leone
7/1/2016,Leone,Leone
7/2/2016,Leone,Leone
7/3/2016,Leone,Leone
7/4/2016,Leone,Leone
7/5/2016,Leone,Leone
7/6/2016,Leone,Leone
7/7/2016,Leone,Leone
7/8/2016,Leone,Leone
7/9/2016,Leone,Leone
7/10/2016,Leone,Leone
7/11/2016,Leone,Leone
7/12/2016,Leone,Leone
7/13/2016,Leone,Leone
7/14/2016,Leone,Leone
7/15/2016,Leone,Leone
7/16/2016,Leone,Leone
7/17/2016,Leone,Leone
7/18/2016,Leone,Leone
7/19/2016,Leone,Leone
7/20/2016,Leone,Leone
7/21/2016,Leone,Leone
7/22/2016,Leone,Leone
7/23/2016,Leone,Leone
7/24/2016,Leone,Leone
7/25/2016,Leone,Leone
7/26/2016,Leone,Leone
7/27/2016,Leone,Leone
7/28/2016,Leone,Leone
7/29/2016,Leone,Leone
7/30/2016,Leone,Leone
7/31/2016,Leone,Leone
8/1/2016,Leone,Leone
8/2/2016,Leone,Leone
8/3/2016,Leone,Leone
8/4/2016,Leone,Leone
8/5/2016,Leone,Leone
8/6/2016,Leone,Leone
8/7/2016,Leone,Leone
8/8/2016,Leone,Leone
8/9/2016,Leone,Leone
8/10/2016,Leone,Leone
8/11/2016,Leone,Leone
8/12/2016,Leone,Leone
8/13/2016,Leone,Leone
8/14/2016,Leone,Leone
8/15/2016,Leone,Leone
8/16/2016,Leone,Leone
8/17/2016,Leone,Leone
8/18/2016,Leone,Leone
8/19/2016,Leone,Leone
8/20/2016,Leone,Leone
8/21/2016,Leone,Leone
8/22/2016,Leone,Leone
8/23/2016,Leone,Leone
8/24/2016,Leone,Leone
8/25/2016,Leone,Leone
8/26/2016,Leone,Leone
8/27/2016,Leone,Leone
8/28/2016,Leone,Leone
8/29/2016,Leone,Leone
8/30/2016,Leone,Leone
8/31/2016,Leone,Leone
9/1/2016,Leone,Leone
9/2/2016,Leone,Leone
9/3/2016,Leone,Leone
9/4/2016,Leone,Leone
9/5/2016,Leone,Leone
9/6/2016,Leone,Leone
9/7/2016,Leone,Leone
9/8/2016,Leone,Leone
9/9/2016,Leone,Leone
9/10/2016,Leone,Leone
9/11/2016,Leone,Leone
9/12/2016,Leone,Leone
9/13/2016,Leone,Leone
9/14/2016,Leone,Leone
9/15/2016,Leone,Leone
9/16/2016,Leone,Leone
9/17/2016,Leone,Leone
9/18/2016,Leone,Leone
9/19/2016,Leone,Leone
9/20/2016,Leone,Leone
9/21/2016,Leone,Leone
9/22/2016,Leone,Leone
9/23/2016,Leone,Leone
9/24/2016,Leone,Leone
9/25/2016,Leone,Leone
9/26/2016,Leone,Leone
9/27/2016,Leone,Leone
9/28/2016,Leone,Leone
9/29/2016,Leone,Leone
9/30/2016,Leone,Leone
5/1/2016,Oak Street,Oak Street
5/2/2016,Oak Street,Oak Street
5/3/2016,Oak Street,Oak Street
5/4/2016,Oak Street,Oak Street
5/5/2016,Oak Street,Oak Street
5/6/2016,Oak Street,Oak Street
5/7/2016,Oak Street,Oak Street
5/8/2016,Oak Street,Oak Street
5/9/2016,Oak Street,Oak Street
5/10/2016,Oak Street,Oak Street
5/11/2016,Oak Street,Oak Street
5/12/2016,Oak Street,Oak Street
5/13/2016,Oak Street,Oak Street
5/14/2016,Oak Street,Oak Street
5/15/2016,Oak Street,Oak Street
5/16/2016,Oak Street,Oak Street
5/17/2016,Oak Street,Oak Street
5/18/2016,Oak Street,Oak Street
5/19/2016,Oak Street,Oak Street
5/20/2016,Oak Street,Oak Street
5/21/2016,Oak Street,Oak Street
5/22/2016,Oak Street,Oak Street
5/23/2016,Oak Street,Oak Street
5/24/2016,Oak Street,Oak Street
5/25/2016,Oak Street,Oak Street
5/26/2016,Oak Street,Oak Street
5/27/2016,Oak Street,Oak Street
5/28/2016,Oak Street,Oak Street
5/29/2016,Oak Street,Oak Street
5/30/2016,Oak Street,Oak Street
5/31/2016,Oak Street,Oak Street
6/1/2016,Oak Street,Oak Street
6/2/2016,Oak Street,Oak Street
6/3/2016,Oak Street,Oak Street
6/4/2016,Oak Street,Oak Street
6/5/2016,Oak Street,Oak Street
6/6/2016,Oak Street,Oak Street
6/7/2016,Oak Street,Oak Street
6/8/2016,Oak Street,Oak Street
6/9/2016,Oak Street,Oak Street
6/10/2016,Oak Street,Oak Street
6/11/2016,Oak Street,Oak Street
6/12/2016,Oak Street,Oak Street
6/13/2016,Oak Street,Oak Street
6/14/2016,Oak Street,Oak Street
6/15/2016,Oak Street,Oak Street
6/16/2016,Oak Street,Oak Street
6/17/2016,Oak Street,Oak Street
6/18/2016,Oak Street,Oak Street
6/19/2016,Oak Street,Oak Street
6/20/2016,Oak Street,Oak Street
6/21/2016,Oak Street,Oak Street
6/22/2016,Oak Street,Oak Street
6/23/2016,Oak Street,Oak Street
6/24/2016,Oak Street,Oak Street
6/25/2016,Oak Street,Oak Street
6/26/2016,Oak Street,Oak Street
6/27/2016,Oak Street,Oak Street
6/28/2016,Oak Street,Oak Street
6/29/2016,Oak Street,Oak Street
6/30/2016,Oak Street,Oak Street
7/1/2016,Oak Street,Oak Street
7/2/2016,Oak Street,Oak Street
7/3/2016,Oak Street,Oak Street
7/4/2016,Oak Street,Oak Street
7/5/2016,Oak Street,Oak Street
7/6/2016,Oak Street,Oak Street
7/7/2016,Oak Street,Oak Street
7/8/2016,Oak Street,Oak Street
7/9/2016,Oak Street,Oak Street
7/10/2016,Oak Street,Oak Street
7/11/2016,Oak Street,Oak Street
7/12/2016,Oak Street,Oak Street
7/13/2016,Oak Street,Oak Street
7/14/2016,Oak Street,Oak Street
7/15/2016,Oak Street,Oak Street
7/16/2016,Oak Street,Oak Street
7/17/2016,Oak Street,Oak Street
7/18/2016,Oak Street,Oak Street
7/19/2016,Oak Street,Oak Street
7/20/2016,Oak Street,Oak Street
7/21/2016,Oak Street,Oak Street
7/22/2016,Oak Street,Oak Street
7/23/2016,Oak Street,Oak Street
7/24/2016,Oak Street,Oak Street
7/25/2016,Oak Street,Oak Street
7/26/2016,Oak Street,Oak Street
7/27/2016,Oak Street,Oak Street
7/28/2016,Oak Street,Oak Street
7/29/2016,Oak Street,Oak Street
7/30/2016,Oak Street,Oak Street
7/31/2016,Oak Street,Oak Street
8/1/2016,Oak Street,Oak Street
8/2/2016,Oak Street,Oak Street
8/3/2016,Oak Street,Oak Street
8/4/2016,Oak Street,Oak Street
8/5/2016,Oak Street,Oak Street
8/6/2016,Oak Street,Oak Street
8/7/2016,Oak Street,Oak Street
8/8/2016,Oak Street,Oak Street
8/9/2016,Oak Street,Oak Street
8/10/2016,Oak Street,Oak Street
8/11/2016,Oak Street,Oak Street
8/12/2016,Oak Street,Oak Street
8/13/2016,Oak Street,Oak Street
8/14/2016,Oak Street,Oak Street
8/15/2016,Oak Street,Oak Street
8/16/2016,Oak Street,Oak Street
8/17/2016,Oak Street,Oak Street
8/18/2016,Oak Street,Oak Street
8/19/2016,Oak Street,Oak Street
8/20/2016,Oak Street,Oak Street
8/21/2016,Oak Street,Oak Street
8/22/2016,Oak Street,Oak Street
8/23/2016,Oak Street,Oak Street
8/24/2016,Oak Street,Oak Street
8/25/2016,Oak Street,Oak Street
8/26/2016,Oak Street,Oak Street
8/27/2016,Oak Street,Oak Street
8/28/2016,Oak Street,Oak Street
8/29/2016,Oak Street,Oak Street
8/30/2016,Oak Street,Oak Street
8/31/2016,Oak Street,Oak Street
9/1/2016,Oak Street,Oak Street
9/2/2016,Oak Street,Oak Street
9/3/2016,Oak Street,Oak Street
9/4/2016,Oak Street,Oak Street
9/5/2016,Oak Street,Oak Street
9/6/2016,Oak Street,Oak Street
9/7/2016,Oak Street,Oak Street
9/8/2016,Oak Street,Oak Street
9/9/2016,Oak Street,Oak Street
9/10/2016,Oak Street,Oak Street
9/11/2016,Oak Street,Oak Street
9/12/2016,Oak Street,Oak Street
9/13/2016,Oak Street,Oak Street
9/14/2016,Oak Street,Oak Street
9/15/2016,Oak Street,Oak Street
9/16/2016,Oak Street,Oak Street
9/17/2016,Oak Street,Oak Street
9/18/2016,Oak Street,Oak Street
9/19/2016,Oak Street,Oak Street
9/20/2016,Oak Street,Oak Street
9/21/2016,Oak Street,Oak Street
9/22/2016,Oak Street,Oak Street
9/23/2016,Oak Street,Oak Street
9/24/2016,Oak Street,Oak Street
9/25/2016,Oak Street,Oak Street
9/26/2016,Oak Street,Oak Street
9/27/2016,Oak Street,Oak Street
9/28/2016,Oak Street,Oak Street
9/29/2016,Oak Street,Oak Street
9/30/2016,Oak Street,Oak Street
5/1/2016,Oakwood,39th
5/2/2016,Oakwood,39th
5/3/2016,Oakwood,39th
5/4/2016,Oakwood,39th
5/5/2016,Oakwood,39th
5/6/2016,Oakwood,39th
5/7/2016,Oakwood,39th
5/8/2016,Oakwood,39th
5/9/2016,Oakwood,39th
5/10/2016,Oakwood,39th
5/11/2016,Oakwood,39th
5/12/2016,Oakwood,39th
5/13/2016,Oakwood,39th
5/14/2016,Oakwood,39th
5/15/2016,Oakwood,39th
5/16/2016,Oakwood,39th
5/17/2016,Oakwood,39th
5/18/2016,Oakwood,39th
5/19/2016,Oakwood,39th
5/20/2016,Oakwood,39th
5/21/2016,Oakwood,39th
5/22/2016,Oakwood,39th
5/23/2016,Oakwood,39th
5/24/2016,Oakwood,39th
5/25/2016,Oakwood,39th
5/26/2016,Oakwood,39th
5/27/2016,Oakwood,39th
5/28/2016,Oakwood,39th
5/29/2016,Oakwood,39th
5/30/2016,Oakwood,39th
5/31/2016,Oakwood,39th
6/1/2016,Oakwood,39th
6/2/2016,Oakwood,39th
6/3/2016,Oakwood,39th
6/4/2016,Oakwood,39th
6/5/2016,Oakwood,39th
6/6/2016,Oakwood,39th
6/7/2016,Oakwood,39th
6/8/2016,Oakwood,39th
6/9/2016,Oakwood,39th
6/10/2016,Oakwood,39th
6/11/2016,Oakwood,39th
6/12/2016,Oakwood,39th
6/13/2016,Oakwood,39th
6/14/2016,Oakwood,39th
6/15/2016,Oakwood,39th
6/16/2016,Oakwood,39th
6/17/2016,Oakwood,39th
6/18/2016,Oakwood,39th
6/19/2016,Oakwood,39th
6/20/2016,Oakwood,39th
6/21/2016,Oakwood,39th
6/22/2016,Oakwood,39th
6/23/2016,Oakwood,39th
6/24/2016,Oakwood,39th
6/25/2016,Oakwood,39th
6/26/2016,Oakwood,39th
6/27/2016,Oakwood,39th
6/28/2016,Oakwood,39th
6/29/2016,Oakwood,39th
6/30/2016,Oakwood,39th
7/1/2016,Oakwood,39th
7/2/2016,Oakwood,39th
7/3/2016,Oakwood,39th
7/4/2016,Oakwood,39th
7/5/2016,Oakwood,39th
7/6/2016,Oakwood,39th
7/7/2016,Oakwood,39th
7/8/2016,Oakwood,39th
7/9/2016,Oakwood,39th
7/10/2016,Oakwood,39th
7/11/2016,Oakwood,39th
7/12/2016,Oakwood,39th
7/13/2016,Oakwood,39th
7/14/2016,Oakwood,39th
7/15/2016,Oakwood,39th
7/16/2016,Oakwood,39th
7/17/2016,Oakwood,39th
7/18/2016,Oakwood,39th
7/19/2016,Oakwood,39th
7/20/2016,Oakwood,39th
7/21/2016,Oakwood,39th
7/22/2016,Oakwood,39th
7/23/2016,Oakwood,39th
7/24/2016,Oakwood,39th
7/25/2016,Oakwood,39th
7/26/2016,Oakwood,39th
7/27/2016,Oakwood,39th
7/28/2016,Oakwood,39th
7/29/2016,Oakwood,39th
7/30/2016,Oakwood,39th
7/31/2016,Oakwood,39th
8/1/2016,Oakwood,39th
8/2/2016,Oakwood,39th
8/3/2016,Oakwood,39th
8/4/2016,Oakwood,39th
8/5/2016,Oakwood,39th
8/6/2016,Oakwood,39th
8/7/2016,Oakwood,39th
8/8/2016,Oakwood,39th
8/9/2016,Oakwood,39th
8/10/2016,Oakwood,39th
8/11/2016,Oakwood,39th
8/12/2016,Oakwood,39th
8/13/2016,Oakwood,39th
8/14/2016,Oakwood,39th
8/15/2016,Oakwood,39th
8/16/2016,Oakwood,39th
8/17/2016,Oakwood,39th
8/18/2016,Oakwood,39th
8/19/2016,Oakwood,39th
8/20/2016,Oakwood,39th
8/21/2016,Oakwood,39th
8/22/2016,Oakwood,39th
8/23/2016,Oakwood,39th
8/24/2016,Oakwood,39th
8/25/2016,Oakwood,39th
8/26/2016,Oakwood,39th
8/27/2016,Oakwood,39th
8/28/2016,Oakwood,39th
8/29/2016,Oakwood,39th
8/30/2016,Oakwood,39th
8/31/2016,Oakwood,39th
9/1/2016,Oakwood,39th
9/2/2016,Oakwood,39th
9/3/2016,Oakwood,39th
9/4/2016,Oakwood,39th
9/5/2016,Oakwood,39th
9/6/2016,Oakwood,39th
9/7/2016,Oakwood,39th
9/8/2016,Oakwood,39th
9/9/2016,Oakwood,39th
9/10/2016,Oakwood,39th
9/11/2016,Oakwood,39th
9/12/2016,Oakwood,39th
9/13/2016,Oakwood,39th
9/14/2016,Oakwood,39th
9/15/2016,Oakwood,39th
9/16/2016,Oakwood,39th
9/17/2016,Oakwood,39th
9/18/2016,Oakwood,39th
9/19/2016,Oakwood,39th
9/20/2016,Oakwood,39th
9/21/2016,Oakwood,39th
9/22/2016,Oakwood,39th
9/23/2016,Oakwood,39th
9/24/2016,Oakwood,39th
9/25/2016,Oakwood,39th
9/26/2016,Oakwood,39th
9/27/2016,Oakwood,39th
9/28/2016,Oakwood,39th
9/29/2016,Oakwood,39th
9/30/2016,Oakwood,39th
5/1/2016,Ohio Street,Ohio
5/2/2016,Ohio Street,Ohio
5/3/2016,Ohio Street,Ohio
5/4/2016,Ohio Street,Ohio
5/5/2016,Ohio Street,Ohio
5/6/2016,Ohio Street,Ohio
5/7/2016,Ohio Street,Ohio
5/8/2016,Ohio Street,Ohio
5/9/2016,Ohio Street,Ohio
5/10/2016,Ohio Street,Ohio
5/11/2016,Ohio Street,Ohio
5/12/2016,Ohio Street,Ohio
5/13/2016,Ohio Street,Ohio
5/14/2016,Ohio Street,Ohio
5/15/2016,Ohio Street,Ohio
5/16/2016,Ohio Street,Ohio
5/17/2016,Ohio Street,Ohio
5/18/2016,Ohio Street,Ohio
5/19/2016,Ohio Street,Ohio
5/20/2016,Ohio Street,Ohio
5/21/2016,Ohio Street,Ohio
5/22/2016,Ohio Street,Ohio
5/23/2016,Ohio Street,Ohio
5/24/2016,Ohio Street,Ohio
5/25/2016,Ohio Street,Ohio
5/26/2016,Ohio Street,Ohio
5/27/2016,Ohio Street,Ohio
5/28/2016,Ohio Street,Ohio
5/29/2016,Ohio Street,Ohio
5/30/2016,Ohio Street,Ohio
5/31/2016,Ohio Street,Ohio
6/1/2016,Ohio Street,Ohio
6/2/2016,Ohio Street,Ohio
6/3/2016,Ohio Street,Ohio
6/4/2016,Ohio Street,Ohio
6/5/2016,Ohio Street,Ohio
6/6/2016,Ohio Street,Ohio
6/7/2016,Ohio Street,Ohio
6/8/2016,Ohio Street,Ohio
6/9/2016,Ohio Street,Ohio
6/10/2016,Ohio Street,Ohio
6/11/2016,Ohio Street,Ohio
6/12/2016,Ohio Street,Ohio
6/13/2016,Ohio Street,Ohio
6/14/2016,Ohio Street,Ohio
6/15/2016,Ohio Street,Ohio
6/16/2016,Ohio Street,Ohio
6/17/2016,Ohio Street,Ohio
6/18/2016,Ohio Street,Ohio
6/19/2016,Ohio Street,Ohio
6/20/2016,Ohio Street,Ohio
6/21/2016,Ohio Street,Ohio
6/22/2016,Ohio Street,Ohio
6/23/2016,Ohio Street,Ohio
6/24/2016,Ohio Street,Ohio
6/25/2016,Ohio Street,Ohio
6/26/2016,Ohio Street,Ohio
6/27/2016,Ohio Street,Ohio
6/28/2016,Ohio Street,Ohio
6/29/2016,Ohio Street,Ohio
6/30/2016,Ohio Street,Ohio
7/1/2016,Ohio Street,Ohio
7/2/2016,Ohio Street,Ohio
7/3/2016,Ohio Street,Ohio
7/4/2016,Ohio Street,Ohio
7/5/2016,Ohio Street,Ohio
7/6/2016,Ohio Street,Ohio
7/7/2016,Ohio Street,Ohio
7/8/2016,Ohio Street,Ohio
7/9/2016,Ohio Street,Ohio
7/10/2016,Ohio Street,Ohio
7/11/2016,Ohio Street,Ohio
7/12/2016,Ohio Street,Ohio
7/13/2016,Ohio Street,Ohio
7/14/2016,Ohio Street,Ohio
7/15/2016,Ohio Street,Ohio
7/16/2016,Ohio Street,Ohio
7/17/2016,Ohio Street,Ohio
7/18/2016,Ohio Street,Ohio
7/19/2016,Ohio Street,Ohio
7/20/2016,Ohio Street,Ohio
7/21/2016,Ohio Street,Ohio
7/22/2016,Ohio Street,Ohio
7/23/2016,Ohio Street,Ohio
7/24/2016,Ohio Street,Ohio
7/25/2016,Ohio Street,Ohio
7/26/2016,Ohio Street,Ohio
7/27/2016,Ohio Street,Ohio
7/28/2016,Ohio Street,Ohio
7/29/2016,Ohio Street,Ohio
7/30/2016,Ohio Street,Ohio
7/31/2016,Ohio Street,Ohio
8/1/2016,Ohio Street,Ohio
8/2/2016,Ohio Street,Ohio
8/3/2016,Ohio Street,Ohio
8/4/2016,Ohio Street,Ohio
8/5/2016,Ohio Street,Ohio
8/6/2016,Ohio Street,Ohio
8/7/2016,Ohio Street,Ohio
8/8/2016,Ohio Street,Ohio
8/9/2016,Ohio Street,Ohio
8/10/2016,Ohio Street,Ohio
8/11/2016,Ohio Street,Ohio
8/12/2016,Ohio Street,Ohio
8/13/2016,Ohio Street,Ohio
8/14/2016,Ohio Street,Ohio
8/15/2016,Ohio Street,Ohio
8/16/2016,Ohio Street,Ohio
8/17/2016,Ohio Street,Ohio
8/18/2016,Ohio Street,Ohio
8/19/2016,Ohio Street,Ohio
8/20/2016,Ohio Street,Ohio
8/21/2016,Ohio Street,Ohio
8/22/2016,Ohio Street,Ohio
8/23/2016,Ohio Street,Ohio
8/24/2016,Ohio Street,Ohio
8/25/2016,Ohio Street,Ohio
8/26/2016,Ohio Street,Ohio
8/27/2016,Ohio Street,Ohio
8/28/2016,Ohio Street,Ohio
8/29/2016,Ohio Street,Ohio
8/30/2016,Ohio Street,Ohio
8/31/2016,Ohio Street,Ohio
9/1/2016,Ohio Street,Ohio
9/2/2016,Ohio Street,Ohio
9/3/2016,Ohio Street,Ohio
9/4/2016,Ohio Street,Ohio
9/5/2016,Ohio Street,Ohio
9/6/2016,Ohio Street,Ohio
9/7/2016,Ohio Street,Ohio
9/8/2016,Ohio Street,Ohio
9/9/2016,Ohio Street,Ohio
9/10/2016,Ohio Street,Ohio
9/11/2016,Ohio Street,Ohio
9/12/2016,Ohio Street,Ohio
9/13/2016,Ohio Street,Ohio
9/14/2016,Ohio Street,Ohio
9/15/2016,Ohio Street,Ohio
9/16/2016,Ohio Street,Ohio
9/17/2016,Ohio Street,Ohio
9/18/2016,Ohio Street,Ohio
9/19/2016,Ohio Street,Ohio
9/20/2016,Ohio Street,Ohio
9/21/2016,Ohio Street,Ohio
9/22/2016,Ohio Street,Ohio
9/23/2016,Ohio Street,Ohio
9/24/2016,Ohio Street,Ohio
9/25/2016,Ohio Street,Ohio
9/26/2016,Ohio Street,Ohio
9/27/2016,Ohio Street,Ohio
9/28/2016,Ohio Street,Ohio
9/29/2016,Ohio Street,Ohio
9/30/2016,Ohio Street,Ohio
